English,Hindi,Romanized_Hindi,Telugu
I didn't know what to wear to my best friend's funeral.,मुझे नहीं पता था कि मेरे सबसे अच्छे दोस्त के अंतिम संस्कार में क्या पहनूँ।,Mujhe nahi pata tha ki mere sabse achhe dost ke antim sanskar mein kya pehnu.,నా బెస్ట్ ఫ్రెండ్ అంత్యక్రియలకు ఏమి వేసుకోవాలో నాకు తెలియలేదు.
There used to be a big cherry tree behind my house.,मेरे घर के पीछे एक बड़ा चेरी का पेड़ हुआ करता था।,Mere ghar ke peeche ek bada cherry ka ped hua karta tha.,మా ఇంటి వెనుక ఒక పెద్ద చెర్రీ చెట్టు ఉండేది.
"Sometimes, books and movies made her feel things she couldn't explain.","कभी-कभी, किताबें और फिल्में उसे ऐसा महसूस कराती थीं जिसे वह समझा नहीं पाती थी।","Kabhi-kabhi, kitabein aur filmein use aisa mehsoos karati thin jise vah samjha nahi pati thi.","కొన్నిసార్లు, పుస్తకాలు మరియు సినిమాలు ఆమెకు వివరించలేని అనుభూతులను కలిగించేవి."
My bandaid wasn't sticky anymore so it fell off on the way to school.,"मेरी बैंड-एड अब चिपचिपी नहीं रही थी, इसलिए स्कूल जाते समय वह गिर गई।","Meri band-aid ab chipchipi nahi rahi thi, isliye school jate samay vah gir gayi.","నా బ్యాండ్-ఎయిడ్ జిగురు పోయింది, అందుకే స్కూల్‌కు వెళ్లే దారిలో అది ఊడిపోయింది."
He only had one drink but he's completely wasted.,उसने सिर्फ एक ड्रिंक ली थी लेकिन वह पूरी तरह से नशे में है।,Usne sirf ek drink li thi lekin vah poori tarah se nashe mein hai.,"అతను కేవలం ఒక డ్రింక్ మాత్రమే తీసుకున్నాడు, కానీ అతను పూర్తిగా తాగి ఉన్నాడు."
"In Hong Kong, everyone lives stacked together.","हांगकांग में, हर कोई एक-दूसरे के ऊपर सटकर रहता है।","Hong Kong mein, har koi ek-dusre ke upar satkar rehta hai.","హాంకాంగ్‌లో, అందరూ ఒకరిపై ఒకరు అన్నట్లుగా ఇరుగ్గా నివసిస్తారు."
"Her parents had been separated for almost three years, but she never expected them to actually go through with the divorce.","उसके माता-पिता लगभग तीन साल से अलग रह रहे थे, लेकिन उसने कभी नहीं सोचा था कि वे वास्तव में तलाक ले लेंगे।","Uske mata-pita lagbhag teen saal se alag reh rahe the, lekin usne kabhi nahi socha tha ki ve vastav mein talaq le lenge.","ఆమె తల్లిదండ్రులు దాదాపు మూడేళ్లుగా విడిగా ఉంటున్నారు, కానీ వారు నిజంగా విడాకులు తీసుకుంటారని ఆమె ఎప్పుడూ ఊహించలేదు."
These are the things that I want from a relationship.,ये वो चीजें हैं जो मैं एक रिश्ते से चाहता हूँ।,Ye vo cheezein hain jo main ek rishte se chahta hoon.,ఒక బంధం నుండి నేను ఆశించే విషయాలు ఇవే.
"When one considers the issue from a different perspective, the answer seems to change.","जब कोई इस मुद्दे को अलग नजरिए से देखता है, तो जवाब बदलता हुआ लगता है।","Jab koi is mudde ko alag nazariye se dekhta hai, to jawab badalta hua lagta hai.","ఒక సమస్యను వేరే కోణంలో చూసినప్పుడు, సమాధానం మారుతున్నట్లు అనిపిస్తుంది."
She twisted her ankle and couldn't go to soccer anymore.,उसका टखना मुड़ गया और वह अब सॉकर खेलने नहीं जा सकी।,Uska takhna mud gaya aur vah ab soccer khelne nahi ja saki.,ఆమె కాలు మడతపడటంతో ఇక సాకర్ ఆడటానికి వెళ్లలేకపోయింది.
You can always find baked goods somewhere in my pantry.,आप हमेशा मेरी रसोई की अलमारी में कहीं न कहीं बेक की हुई चीजें पा सकते हैं।,Aap hamesha meri rasoi ki almari mein kahin na kahin bake ki hui cheezein pa sakte hain.,నా వంటగది అల్మారాలో మీరు ఎప్పుడూ ఏదో ఒక బేకరీ వస్తువును కనుగొనవచ్చు.
The alligator's teeth were so scary that I ran back to the car as fast as I could.,एलिगेटर के दांत इतने डरावने थे कि मैं जितनी जल्दी हो सके कार की ओर वापस भागा।,Alligator ke daant itne daravne the ki main jitni jaldi ho sake car ki or wapas bhaga.,"మొసలి పళ్ళు ఎంత భయంకరంగా ఉన్నాయంటే, నేను వీలైనంత వేగంగా కారు వైపు పరుగెత్తాను."
"They sold shampoo and conditioner, but no plain soap.","वे शैम्पू और कंडीशनर बेचते थे, लेकिन साधारण साबुन नहीं।","Ve shampoo aur conditioner bechte the, lekin sadharan sabun nahi.","వారు షాంపూ మరియు కండిషనర్లను అమ్ముతారు, కానీ సాధారణ సబ్బును కాదు."
She got a discount to buy the stickers online.,उसे ऑनलाइन स्टिकर खरीदने पर छूट मिली।,Use online sticker kharidne par chhoot mili.,ఆమె ఆన్‌లైన్‌లో స్టిక్కర్లు కొనడానికి డిస్కౌంట్ పొందింది.
"Once you master cooking, you’ll start tweaking popular recipes, and that’s when it becomes even more fun.","एक बार जब आप खाना बनाना सीख जाते हैं, तो आप लोकप्रिय व्यंजनों में बदलाव करना शुरू कर देंगे, और तभी यह और भी मजेदार हो जाता है।","Ek baar jab aap khana banana seekh jaate hain, toh aap lokpriya vyanjanon mein badlav karna shuru kar denge, aur tabhi yeh aur bhi mazedar ho jaata hai.","మీరు వంట చేయడంలో ప్రావీణ్యం సంపాదించాక, ప్రసిద్ధ వంటకాల్లో మార్పులు చేయడం ప్రారంభిస్తారు, అప్పుడే అది మరింత సరదాగా మారుతుంది."
Checking things off the list is the best feeling.,सूची में से चीजों को पूरा कर लेना सबसे अच्छा अहसास है।,Suchi mein se cheezon ko pura kar lena sabse achha ehsas hai.,లిస్టులోని పనులను పూర్తి చేయడం అనేది చాలా మంచి అనుభూతిని ఇస్తుంది.
"Let's all just take a moment to breathe, please.","कृपया, हम सभी थोड़ी देर के लिए सांस लेते हैं।","Kripya, hum sabhi thodi der ke liye saans lete hain.","దయచేసి, మనమందరం కాసేపు ప్రశాంతంగా ఊపిరి తీసుకుందాం."
"She decided to take the bus because it was supposed to be quicker, but then it ended up being twenty minutes late.","उसने बस लेने का फैसला किया क्योंकि यह जल्दी पहुँचने वाली थी, लेकिन अंत में यह बीस मिनट देरी से आई।","Usne bus lene ka faisla kiya kyonki yeh jaldi pahunchne wali thi, lekin ant mein yeh bees minute deri se aayi.","బస్సు త్వరగా వెళ్తుందని ఆమె బస్సు ఎక్కాలని నిర్ణయించుకుంది, కానీ అది ఇరవై నిమిషాలు ఆలస్యమైంది."
She fell off the bull two seconds after she got on.,वह बैल पर बैठने के दो सेकंड बाद ही गिर गई।,Woh bail par baithne ke do second baad hi gir gayi.,ఆమె ఎద్దుపై ఎక్కిన రెండు సెకన్లకే కింద పడిపోయింది.
Rosa crossed Mary's name off the list.,रोज़ा ने सूची से मैरी का नाम काट दिया।,Rosa ne suchi se Mary ka naam kaat diya.,రోసా లిస్టు నుండి మేరీ పేరును తొలగించింది.
She couldn't find the basket she was looking for.,उसे वह टोकरी नहीं मिली जिसे वह ढूंढ रही थी।,Use vah tokri nahi mili jise vah dhoondh rahi thi.,ఆమె వెతుకుతున్న బుట్ట ఆమెకు దొరకలేదు.
What he likes best is being around his friends.,उसे अपने दोस्तों के साथ रहना सबसे ज्यादा पसंद है।,Use apne doston ke saath rehna sabse zyada pasand hai.,అతనికి తన స్నేహితులతో ఉండటమే అంటే చాలా ఇష్టం.
I found a gold coin on the playground after school today.,मुझे आज स्कूल के बाद खेल के मैदान में सोने का एक सिक्का मिला।,Mujhe aaj school ke baad khel ke maidan mein sone ka ek sikka mila.,ఈరోజు స్కూల్ అయిపోయిన తర్వాత ఆటస్థలంలో నాకు ఒక బంగారు నాణెం దొరికింది.
She sells Christmas trees.,वह क्रिसमस ट्री बेचती है।,Vah Christmas tree bechti hai.,ఆమె క్రిస్మస్ చెట్లను అమ్ముతుంది.
Going to a bar is a fun thing to do.,बार जाना एक मजेदार काम है।,Bar jaana ek mazedaar kaam hai.,బార్‌కి వెళ్లడం ఒక సరదా పని.
She got hiccups and couldn't get rid of them for three hours.,उसे हिचकी आ गई और तीन घंटे तक बंद नहीं हुई।,Use hichki aa gayi aur teen ghante tak band nahi hui.,ఆమెకు ఎక్కిళ్లు వచ్చాయి మరియు మూడు గంటల వరకు తగ్గలేదు.
Many big projects will be completed in the 21st century.,21वीं सदी में कई बड़ी परियोजनाएं पूरी हो जाएंगी।,21vi sadi mein kai badi pariyojnayein poori ho jayengi.,21వ శతాబ్దంలో అనేక పెద్ద ప్రాజెక్టులు పూర్తవుతాయి.
They will be here shortly.,वे जल्द ही यहाँ आ जाएंगे।,Ve jald hi yahan aa jayenge.,వారు త్వరలోనే ఇక్కడికి వస్తారు.
The caffeine was making her jittery.,कैफीन की वजह से वह घबराहट महसूस कर रही थी।,Caffeine ki wajah se vah ghabrahat mehsoos kar rahi thi.,కెఫీన్ వల్ల ఆమె ఆందోళనగా ఫీలవుతోంది.
"If you go there, you will find him.","अगर तुम वहाँ जाओगे, तो तुम्हें वह मिल जाएगा।","Agar tum vahan jaoge, to tumhe vah mil jayega.","నువ్వు అక్కడికి వెళ్తే, అతను నీకు కనిపిస్తాడు."
It’s time to watch TV.,अब टीवी देखने का समय हो गया है।,Ab TV dekhne ka samay ho gaya hai.,ఇప్పుడు టీవీ చూసే సమయం అయింది.
They are still edible.,वे अभी भी खाने योग्य हैं।,Ve abhi bhi khaane yogya hain.,అవి ఇంకా తినదగినవే.
I didn’t want to take a side in the argument.,मैं बहस में किसी का पक्ष नहीं लेना चाहता था।,Main bahas mein kisi ka paksh nahi lena chahta tha.,నేను ఆ వాదనలో ఎవరి పక్షం వహించకూడదు అనుకున్నాను.
Captain America is my favorite Avenger.,कैप्टन अमेरिका मेरा पसंदीदा एवेंजर है।,Captain America mera pasandida Avenger hai.,కెప్టెన్ అమెరికా నాకిష్టమైన ఎవెంజర్.
Get your act together.,अपनी हरकतों में सुधार लाओ।,Apni harkaton mein sudhar lao.,నీ ప్రవర్తనను సరిచేసుకో.
"Over time, she realized she would never know how to cook.","समय के साथ, उसे एहसास हुआ कि वह कभी खाना बनाना नहीं सीख पाएगी।","Samay ke sath, use ehsas hua ki vah kabhi khana banana nahi seekh payegi.","కాలక్రమేణా, తనకు వంట చేయడం ఎప్పటికీ రాదని ఆమె గ్రహించింది."
You'll move more than before.,तुम पहले से ज्यादा चलोगे-फिरोगे।,Tum pehle se jyada chaloge-phiroge.,నువ్వు ముందు కంటే ఎక్కువగా కదులుతావు.
He was president from 2008 to 2016.,वह 2008 से 2016 तक राष्ट्रपति थे।,Vah 2008 se 2016 tak rashtrapati the.,ఆయన 2008 నుండి 2016 వరకు అధ్యక్షుడిగా ఉన్నారు.
The window looks out on a garden.,खिड़की से बगीचा दिखता है।,Khidki se bagicha dikhta hai.,కిటికీ నుండి తోట కనిపిస్తుంది.
"The girl wore her hair in two braids, tied with two blue bows.","लड़की ने अपने बालों की दो चोटियाँ बनाई थीं, जिन्हें दो नीले रिबन से बाँधा था।","Ladki ne apne baalon ki do chotiyaan banai thin, jinhen do neele ribbon se bandha tha.","ఆ అమ్మాయి తన జుట్టును రెండు జడలుగా వేసి, రెండు నీలం రంగు రిబ్బన్లతో కట్టింది."
"Looking back, I know it was the right decision.","पीछे मुड़कर देखने पर, मुझे पता है कि वह सही निर्णय था।","Peeche mudkar dekhne par, mujhe pata hai ki vah sahi nirnay tha.","వెనక్కి తిరిగి చూసుకుంటే, అది సరైన నిర్ణయమే అని నాకు తెలుసు."
It is going to happen on Friday.,यह शुक्रवार को होने वाला है।,Yeh shukravar ko hone vala hai.,ఇది శుక్రవారం జరగబోతోంది.
You must be happy.,तुम जरूर खुश होगे।,Tum zaroor khush hoge.,నువ్వు ఖచ్చితంగా సంతోషంగా ఉంటావు.
I need to clean my room.,मुझे अपना कमरा साफ करने की जरूरत है।,Mujhe apna kamra saaf karne ki zaroorat hai.,నేను నా గదిని శుభ్రం చేసుకోవాలి.
"I want the stability of a full-time job, but I'm not interested in the rigidity of working nine to five.","मुझे फुल-टाइम नौकरी की स्थिरता चाहिए, लेकिन मुझे नौ से पांच काम करने की सख्ती में कोई दिलचस्पी नहीं है।","Mujhe full-time naukri ki sthirta chahiye, lekin mujhe nau se paanch kaam karne ki sakhti mein koi dilchaspi nahi hai.","నాకు ఫుల్-టైమ్ ఉద్యోగంలో ఉండే స్థిరత్వం కావాలి, కానీ తొమ్మిది నుండి ఐదు వరకు పని చేసే కఠినమైన పద్ధతిలో నాకు ఆసక్తి లేదు."
You have a big house.,तुम्हारा घर बड़ा है।,Tumhara ghar bada hai.,నీకు పెద్ద ఇల్లు ఉంది.
"She wanted to be a professor when she was in high school, but then she realized how few academic jobs there are on the market.","वह हाई स्कूल में थी तब प्रोफेसर बनना चाहती थी, लेकिन फिर उसे एहसास हुआ कि बाजार में कितनी कम शैक्षणिक नौकरियां हैं।","Vah high school mein thi tab professor banna chahti thi, lekin phir use ehsaas hua ki bazaar mein kitni kam shaikshanik naukriyan hain.","ఆమె హైస్కూల్‌లో ఉన్నప్పుడు ప్రొఫెసర్ కావాలనుకుంది, కానీ మార్కెట్‌లో విద్యా సంబంధిత ఉద్యోగాలు చాలా తక్కువగా ఉన్నాయని ఆమెకు అప్పుడు అర్థమైంది."
She had a big scar on her knee from falling off her bike as a kid.,बचपन में साइकिल से गिरने के कारण उसके घुटने पर एक बड़ा निशान था।,Bachpan mein cycle se girne ke karan uske ghutne par ek bada nishan tha.,చిన్నతనంలో సైకిల్ మీద నుండి పడటం వల్ల ఆమె మోకాలిపై పెద్ద గాయం మచ్చ ఉంది.
They may come in handy one day.,वे किसी दिन काम आ सकते हैं।,Ve kisi din kaam aa sakte hain.,అవి ఏదో ఒక రోజు ఉపయోగపడవచ్చు.
A wet road is usually slippery.,गीली सड़क आमतौर पर फिसलन भरी होती है।,Geeli sadak aamtaur par phisalan bhari hoti hai.,తడి రోడ్డు సాధారణంగా జారుడుగా ఉంటుంది.
"She wanted to get gastric bypass surgery, but her insurance wouldn't cover it.","वह गैस्ट्रिक बाईपास सर्जरी करवाना चाहती थी, लेकिन उसका बीमा इसका खर्च नहीं उठा रहा था।","Vah gastric bypass surgery karvana chahti thi, lekin uska beema iska kharch nahi utha raha tha.","ఆమె గ్యాస్ట్రిక్ బైపాస్ సర్జరీ చేయించుకోవాలనుకుంది, కానీ ఆమె ఇన్సూరెన్స్ దానికి కవర్ చేయలేదు."
"Imagine I am deciding if I like some new, heretofore untasted food.","कल्पना कीजिए कि मैं यह तय कर रहा हूँ कि क्या मुझे कोई नया, पहले कभी न चखा हुआ भोजन पसंद है।","Kalpana kijiye ki main yeh tay kar raha hoon ki kya mujhe koi naya, pehle kabhi na chakha hua bhojan pasand hai.","నేను ఏదైనా కొత్త, ఇంతకుముందు రుచి చూడని ఆహారం నాకు నచ్చిందో లేదో నిర్ణయించుకుంటున్నానని ఊహించుకోండి."
He earned his PhD in physics at the age of 89.,उसने 89 साल की उम्र में भौतिकी में अपनी पीएचडी पूरी की।,Usne 89 saal ki umr mein bhautiki mein apni PhD poori ki.,అతను 89 ఏళ్ల వయసులో ఫిజిక్స్‌లో తన పీహెచ్‌డీని పూర్తి చేశాడు.
"In Australia, there is a store called PieFace which sells meat pies with smiley faces on them.","ऑस्ट्रेलिया में, पाईफेस नाम की एक दुकान है जो मीट पाई बेचती है जिन पर स्माइली चेहरे बने होते हैं।","Australia mein, PieFace naam ki ek dukan hai jo meat pie bechti hai jin par smiley chehre bane hote hain.","ఆస్ట్రేలియాలో పైఫేస్ అనే ఒక స్టోర్ ఉంది, అది స్మైలీ ఫేస్‌లు ఉన్న మీట్ పైలను అమ్ముతుంది."
Don't go there.,वहाँ मत जाओ।,Vahan mat jao.,అక్కడికి వెళ్లవద్దు.
They make wonderful walking buddies.,वे टहलने के लिए बेहतरीन साथी बनते हैं।,Ve tahalne ke liye behtareen saathi bante hain.,వారు నడవడానికి అద్భుతమైన తోడుగా ఉంటారు.
The church was white and brown and looked very old.,चर्च सफेद और भूरे रंग का था और बहुत पुराना लग रहा था।,Church safed aur bhoore rang ka tha aur bahut purana lag raha tha.,ఆ చర్చి తెలుపు మరియు గోధుమ రంగులో ఉండి చాలా పాతదిగా కనిపించింది.
"Watch out, there's quicksand.","सावधान रहें, वहाँ दलदल है।","Savdhan rahein, vahan daldal hai.","జాగ్రత్త, అక్కడ ఇసుక తిన్నెలు ఉన్నాయి."
She likes to play soccer.,उसे फुटबॉल खेलना पसंद है।,Use football khelna pasand hai.,ఆమెకు ఫుట్‌బాల్ ఆడటం అంటే ఇష్టం.
I will open the door.,मैं दरवाजा खोलूँगा।,Main darwaza kholunga.,నేను తలుపు తీస్తాను.
I will have a baby in the near future.,निकट भविष्य में मेरे घर एक बच्चा आने वाला है।,Nikat bhavishya mein mere ghar ek bachcha aane wala hai.,సమీప భవిష్యత్తులో నాకు బిడ్డ పుట్టబోతోంది.
That was the president on the phone.,फ़ोन पर राष्ट्रपति थे।,Phone par rashtrapati the.,ఫోన్‌లో మాట్లాడింది రాష్ట్రపతి గారు.
"Well, that's a big surprise.","खैर, यह तो बहुत बड़ी हैरानी की बात है।","Khair, yeh toh bahut badi hairani ki baat hai.","అవును, ఇది చాలా పెద్ద ఆశ్చర్యం."
Every year Americans pay half a trillion in rent.,हर साल अमेरिकी किराए के रूप में आधा ट्रिलियन का भुगतान करते हैं।,Har saal ameriki kiraye ke roop mein aadha trillion ka bhugtan karte hain.,ప్రతి సంవత్సరం అమెరికన్లు అద్దె రూపంలో అర ట్రిలియన్ చెల్లిస్తారు.
You have a beautiful home.,आपका घर बहुत सुंदर है।,Aapka ghar bahut sundar hai.,మీ ఇల్లు చాలా అందంగా ఉంది.
"I started drinking when I was sixteen, but I'm European.","मैंने सोलह साल की उम्र में शराब पीना शुरू कर दिया था, लेकिन मैं यूरोपीय हूँ।","Maine solah saal ki umr mein sharab peena shuru kar diya tha, lekin main european hoon.","నేను పదహారేళ్ల వయసులోనే మద్యం తాగడం మొదలుపెట్టాను, కానీ నేను యూరోపియన్‌ని."
I wish I had never gone surfing that day.,काश मैं उस दिन सर्फिंग के लिए कभी नहीं गया होता।,Kaash main us din surfing ke liye kabhi nahi gaya hota.,ఆ రోజు నేను సర్ఫింగ్‌కు వెళ్లకపోతే బాగుండేది అనిపిస్తోంది.
The professor marked down one point for every use of the word 'interesting' in a paper.,प्रोफेसर ने पेपर में 'इंटरेस्टिंग' शब्द के हर इस्तेमाल के लिए एक अंक काट लिया।,Professor ne paper mein 'interesting' shabd ke har istemaal ke liye ek ank kaat liya.,ప్రొఫెసర్ పేపర్‌లో 'ఇంట్రెస్టింగ్' అనే పదాన్ని వాడిన ప్రతిసారీ ఒక మార్కు తగ్గించారు.
I won’t believe it unless I see it with my own eyes.,मैं तब तक विश्वास नहीं करूँगा जब तक मैं इसे अपनी आँखों से न देख लूँ।,Main tab tak vishwas nahi karunga jab tak main ise apni aankhon se na dekh loon.,నేను నా కళ్లతో చూసే వరకు దీన్ని నమ్మను.
"She always worried that sings would embarrass themselves, because if she was in front of a crowd she would always be worried about embarrassing herself.","उसे हमेशा चिंता रहती थी कि लोग खुद को शर्मिंदा कर लेंगे, क्योंकि अगर वह भीड़ के सामने होती तो उसे हमेशा खुद के शर्मिंदा होने की चिंता रहती थी।","Use hamesha chinta rehti thi ki log khud ko sharminda kar lenge, kyonki agar vah bheed ke saamne hoti toh use hamesha khud ke sharminda hone ki chinta rehti thi.","ఎవరైనా తమను తాము ఇబ్బంది పాలు చేసుకుంటారేమో అని ఆమె ఎప్పుడూ ఆందోళన చెందేది, ఎందుకంటే ఆమె జనసమూహం ముందు ఉన్నప్పుడు తను కూడా ఇబ్బంది పడతానని ఎప్పుడూ భయపడేది."
I don't want to drink alcohol.,मैं शराब नहीं पीना चाहता।,Main sharab nahi peena chahta.,నేను మద్యం తాగాలనుకోవడం లేదు.
It was so cold that no one wanted to go outside.,इतनी ठंड थी कि कोई बाहर नहीं जाना चाहता था।,Itni thand thi ki koi bahar nahi jana chahta tha.,చాలా చలిగా ఉండటంతో ఎవరూ బయటకు వెళ్లాలనుకోలేదు.
The wind was so strong it swept her hat right away.,हवा इतनी तेज़ थी कि वह उसकी टोपी उड़ा ले गई।,Hawa itni tez thi ki vah uski topi uda le gayi.,గాలి ఎంత బలంగా ఉందంటే అది ఆమె టోపీని ఎత్తుకుపోయింది.
I don't think I liked the movie.,मुझे नहीं लगता कि मुझे फिल्म पसंद आई।,Mujhe nahi lagta ki mujhe film pasand aayi.,నాకు ఆ సినిమా నచ్చిందని నేను అనుకోవడం లేదు.
It's been three months and his stab wound hasn't healed yet.,तीन महीने हो गए हैं और उसका चाकू का घाव अभी तक नहीं भरा है।,Teen mahine ho gaye hain aur uska chaku ka ghav abhi tak nahi bhara hai.,మూడు నెలలు గడిచినా అతని కత్తి గాయం ఇంకా మానలేదు.
The fan is blowing in my face right now.,पंखा अभी मेरे चेहरे पर हवा दे रहा है।,Pankha abhi mere chehre par hawa de raha hai.,ఫ్యాన్ గాలి ఇప్పుడు నా ముఖం మీద పడుతోంది.
The footballers were very upset when they cancelled the game because of lightning threats.,बिजली गिरने के खतरे के कारण जब खेल रद्द कर दिया गया तो फुटबॉल खिलाड़ी बहुत परेशान थे।,Bijli girne ke khatre ke karan jab khel radd kar diya gaya to football khiladi bahut pareshan the.,పిడుగులు పడే ప్రమాదం ఉందని ఆటను రద్దు చేసినప్పుడు ఫుట్‌బాల్ క్రీడాకారులు చాలా నిరాశ చెందారు.
Elizabeth is traveling all around the country to hear directly from people like you.,एलिज़ाबेथ आप जैसे लोगों से सीधे बात करने के लिए पूरे देश की यात्रा कर रही है।,Elizabeth aap jaise logon se seedhe baat karne ke liye poore desh ki yatra kar rahi hai.,ఎలిజబెత్ మీలాంటి వారి మాటలను నేరుగా వినడానికి దేశమంతా పర్యటిస్తోంది.
I'm always on time.,मैं हमेशा समय पर आता हूँ।,Main hamesha samay par aata hoon.,నేను ఎప్పుడూ సమయానికి వస్తాను.
The contents of the box are listed on the label.,बॉक्स की सामग्री लेबल पर सूचीबद्ध है।,Box ki samagri label par soochibaddh hai.,పెట్టెలో ఉన్న వస్తువుల వివరాలు లేబుల్‌పై ఉన్నాయి.
My pen broke and leaked blue ink all over my new dress.,मेरा पेन टूट गया और मेरी नई ड्रेस पर नीली स्याही फैल गई।,Mera pen toot gaya aur meri nayi dress par neeli syahi phail gayi.,నా పెన్ను విరిగి నా కొత్త డ్రెస్ అంతా నీలం రంగు సిరా అంటుకుంది.
Historical sites are awesome to walk through.,ऐतिहासिक स्थलों पर घूमना बहुत अच्छा लगता है।,Aitihasik sthalon par ghoomna bahut achha lagta hai.,చారిత్రక ప్రదేశాలలో నడవడం చాలా అద్భుతంగా ఉంటుంది.
"I love bacon, eggs, and orange juice for breakfast.","मुझे नाश्ते में बेकन, अंडे और संतरे का जूस पसंद है।","Mujhe nashte mein bacon, ande aur santre ka juice pasand hai.","నాకు అల్పాహారంలో బేకన్, గుడ్లు మరియు ఆరెంజ్ జ్యూస్ అంటే చాలా ఇష్టం."
Big Brother is watching.,बिग ब्रदर देख रहा है।,Big Brother dekh raha hai.,బిగ్ బ్రదర్ చూస్తున్నాడు.
"Pluto may not be a planet anymore, but it's a planet in my heart.","भले ही प्लूटो अब ग्रह न हो, लेकिन मेरे दिल में वह एक ग्रह ही है।","Bhale hi Pluto ab grah na ho, lekin mere dil mein vah ek grah hi hai.","ప్లూటో ఇప్పుడు గ్రహం కాకపోవచ్చు, కానీ నా హృదయంలో అది ఒక గ్రహమే."
My biggest problem is deciding what to do next.,मेरी सबसे बड़ी समस्या यह तय करना है कि आगे क्या करना है।,Meri sabse badi samasya yeh tay karna hai ki aage kya karna hai.,"నా అతి పెద్ద సమస్య ఏమిటంటే, తర్వాత ఏమి చేయాలో నిర్ణయించుకోవడం."
Tom asked me if he was invited to the party.,टॉम ने मुझसे पूछा कि क्या उसे पार्टी में आमंत्रित किया गया है।,Tom ne mujhse poochha ki kya use party mein aamantrit kiya gaya hai.,పార్టీకి తనను పిలిచారా అని టామ్ నన్ను అడిగాడు.
Her dream is to visit Paris.,उसका सपना पेरिस घूमने का है।,Uska sapna Paris ghoomne ka hai.,పారిస్ సందర్శించడమే ఆమె కల.
There are eggs in the nest.,घोंसले में अंडे हैं।,Ghonsle mein ande hain.,గూడులో గుడ్లు ఉన్నాయి.
My shoes are blue with yellow stripes and green stars on the front.,मेरे जूते नीले रंग के हैं जिन पर पीली धारियां और सामने हरे रंग के सितारे हैं।,Mere joote neele rang ke hain jin par peeli dhariyan aur saamne hare rang ke sitare hain.,"నా బూట్లు నీలం రంగులో ఉండి, పసుపు రంగు చారలు మరియు ముందు భాగంలో ఆకుపచ్చ నక్షత్రాలను కలిగి ఉన్నాయి."
He’s as proud as a peacock.,वह मोर की तरह गर्वित है।,Vah mor ki tarah garvit hai.,అతను నెమలిలా గర్వంగా ఉన్నాడు.
You'd better look before you jump.,बेहतर होगा कि तुम कूदने से पहले देख लो।,Behtar hoga ki tum koodne se pehle dekh lo.,నువ్వు దూకే ముందు చూసుకోవడం మంచిది.
I'm cutting down on sweets.,मैं मीठा कम खा रहा हूँ।,Main meetha kam kha raha hoon.,నేను స్వీట్లు తినడం తగ్గించాను.
I have a friend whose father is the captain of a big ship.,मेरा एक दोस्त है जिसके पिता एक बड़े जहाज के कप्तान हैं।,Mera ek dost hai jiske pita ek bade jahaz ke kaptan hain.,"నాకు ఒక స్నేహితుడు ఉన్నాడు, అతని తండ్రి ఒక పెద్ద ఓడకు కెప్టెన్."
Somebody help me.,कोई मेरी मदद करो।,Koi meri madad karo.,ఎవరైనా నాకు సహాయం చేయండి.
Go sit on the roof.,जाकर छत पर बैठो।,Jaakar chhat par baitho.,వెళ్లి మేడ మీద కూర్చో.
"Please, take pity on me.","कृपया, मुझ पर दया करो।","Kripya, mujh par daya karo.","దయచేసి, నా మీద జాలి చూపించు."
The squeaky wheel gets the oil.,जो मांगता है उसी को मिलता है।,Jo maangta hai usi ko milta hai.,అడిగిన వారికే దక్కుతుంది.
Mother doesn't make things up.,माँ मनगढ़ंत बातें नहीं बनाती हैं।,Maa mangadant baatein nahi banati hain.,అమ్మ అబద్ధాలు చెప్పదు.
I hope that a little bit of my soul dwindles away.,मुझे उम्मीद है कि मेरी आत्मा का थोड़ा सा हिस्सा कम हो जाएगा।,Mujhe ummeed hai ki meri aatma ka thoda sa hissa kam ho jayega.,నా ఆత్మలో కొంత భాగం కరిగిపోతుందని నేను ఆశిస్తున్నాను.
I have a good idea.,मेरे पास एक अच्छा विचार है।,Mere paas ek achha vichaar hai.,నా దగ్గర ఒక మంచి ఆలోచన ఉంది.
The President is back.,राष्ट्रपति वापस आ गए हैं।,Rashtrapati wapas aa gaye hain.,అధ్యక్షుడు తిరిగి వచ్చారు.
My biggest problem is deciding what I should wear.,मेरी सबसे बड़ी समस्या यह तय करना है कि मुझे क्या पहनना चाहिए।,Meri sabse badi samasya yeh tay karna hai ki mujhe kya pehanna chahiye.,నేను ఏమి ధరించాలో నిర్ణయించుకోవడమే నా అతి పెద్ద సమస్య.
She had to start saving in October so she could afford to buy Christmas presents for all her family and friends.,उसे अक्टूबर में बचत शुरू करनी पड़ी ताकि वह अपने सभी परिवार और दोस्तों के लिए क्रिसमस के उपहार खरीद सके।,Use October mein bachat shuru karni padi taki woh apne sabhi parivar aur doston ke liye Christmas ke uphar khareed sake.,ఆమె తన కుటుంబ సభ్యులందరికీ మరియు స్నేహితులకు క్రిస్మస్ బహుమతులు కొనడం కోసం అక్టోబరులోనే పొదుపు చేయడం ప్రారంభించాల్సి వచ్చింది.
Jessica wants a new book.,जेसिका को एक नई किताब चाहिए।,Jessica ko ek nayi kitab chahiye.,జెస్సికాకు ఒక కొత్త పుస్తకం కావాలి.
You don't need 20 captains.,तुम्हें 20 कप्तानों की ज़रूरत नहीं है।,Tumhein 20 kaptanon ki zaroorat nahi hai.,మీకు 20 మంది కెప్టెన్లు అవసరం లేదు.
I advocate military action.,मैं सैन्य कार्रवाई का समर्थन करता हूँ।,Main sainya karwai ka samarthan karta hoon.,నేను సైనిక చర్యను సమర్థిస్తున్నాను.
"As a child, her house was surrounded by towering oak trees which she always thought were one bad storm away from toppling.","बचपन में, उसका घर ऊंचे ओक के पेड़ों से घिरा हुआ था, जिन्हें देखकर उसे हमेशा लगता था कि एक खराब तूफान आने पर वे गिर जाएंगे।","Bachpan mein, uska ghar unche oak ke pedon se ghira hua tha, jinhein dekhkar use hamesha lagta tha ki ek kharab toofan aane par ve gir jayenge.","చిన్నతనంలో, ఆమె ఇల్లు ఎత్తైన ఓక్ చెట్లతో చుట్టుముట్టబడి ఉండేది, ఒక చిన్న తుఫాను వస్తే అవి పడిపోతాయని ఆమె ఎప్పుడూ అనుకునేది."
It is illegal to buy and sell tigers and other big cats in the United States.,संयुक्त राज्य अमेरिका में बाघों और अन्य बड़ी बिल्लियों को खरीदना और बेचना गैरकानूनी है।,Sanyukt Rajya America mein baghon aur anya badi billiyon ko khareedna aur bechna gairkanooni hai.,యునైటెడ్ స్టేట్స్‌లో పులులను మరియు ఇతర పెద్ద పిల్లులను కొనడం మరియు అమ్మడం చట్టవిరుద్ధం.
All the swings are empty.,सभी झूले खाली हैं।,Sabhi jhoole khaali hain.,ఉయ్యాలలన్నీ ఖాళీగా ఉన్నాయి.
that's not even how to kill me.,मुझे मारने का यह तरीका भी नहीं है।,Mujhe maarne ka yeh tareeka bhi nahi hai.,నన్ను చంపడానికి అది సరైన పద్ధతి కూడా కాదు.
I went to California with my mom for a weekend girl's trip.,मैं वीकेंड गर्ल ट्रिप के लिए अपनी माँ के साथ कैलिफ़ोर्निया गई थी।,Main weekend girl trip ke liye apni maa ke saath California gayi thi.,నేను వీకెండ్ గర్ల్స్ ట్రిప్ కోసం మా అమ్మతో కలిసి కాలిఫోర్నియా వెళ్ళాను.
I can't swim after I drink milk.,मैं दूध पीने के बाद तैर नहीं सकता।,Main doodh peene ke baad tair nahi sakta.,పాలు తాగిన తర్వాత నేను ఈత కొట్టలేను.
A balanced diet is a cookie in each hand.,संतुलित आहार वह है जिसमें हर हाथ में एक कुकी हो।,Santulit aahar woh hai jisme har haath mein ek cookie ho.,సమతుల్య ఆహారం అంటే ప్రతి చేతిలో ఒక కుకీ ఉండటం.
That was last week.,वह पिछले हफ्ते की बात है।,Woh pichle hafte ki baat hai.,అది గత వారం జరిగింది.
I like geography and science.,मुझे भूगोल और विज्ञान पसंद है।,Mujhe bhugol aur vigyan pasand hai.,నాకు భూగోళశాస్త్రం మరియు విజ్ఞానశాస్త్రం అంటే ఇష్టం.
"One morning, I found an elephant in my pajamas.","एक सुबह, मुझे अपने पजामे में एक हाथी मिला।","Ek subah, mujhe apne pajama mein ek haathi mila.","ఒక రోజు ఉదయం, నా పైజామాలో ఒక ఏనుగు కనిపించింది."
"My mother looks a lot like my grandmother, and I look a lot like them.","मेरी माँ मेरी दादी जैसी दिखती हैं, और मैं काफी हद तक उन दोनों जैसी दिखती हूँ।","Meri maa meri dadi jaisi dikhti hain, aur main kaafi had tak un dono jaisi dikhti hoon.","మా అమ్మ చూడటానికి మా అమ్మమ్మలాగే ఉంటారు, మరియు నేను కూడా వారిలాగే ఉంటాను."
The orange tree in her backyard was blown away by the hurricane.,उसके घर के पिछले हिस्से में लगा संतरे का पेड़ तूफान में उड़ गया।,Uske ghar ke pichle hisse mein laga santre ka ped toofan mein ud gaya.,ఆమె ఇంటి వెనుక ఉన్న నారింజ చెట్టు తుఫానుకు కొట్టుకుపోయింది.
She had a variety of masks.,उसके पास कई तरह के मास्क थे।,Uske paas kai tarah ke mask the.,ఆమె దగ్గర రకరకాల మాస్కులు ఉన్నాయి.
"If I could recommend anything to try, it's my chiropractor, Hernando.","अगर मैं किसी चीज़ की सलाह दे सकता हूँ, तो वह मेरे कायरोप्रैक्टर, हर्नांडो हैं।","Agar main kisi cheez ki salah de sakta hoon, toh vah mere chiropractor, Hernando hain.","నేను ఏదైనా ప్రయత్నించమని సిఫార్సు చేయగలిగితే, అది నా కైరోప్రాక్టర్, హెర్నాండో."
The bus went roaring by her window at 6 am.,सुबह 6 बजे बस उसकी खिड़की के पास से शोर मचाती हुई गुज़री।,Subah 6 baje bus uski khidki ke paas se shor machati hui guzri.,ఉదయం 6 గంటలకు బస్సు ఆమె కిటికీ పక్క నుండి పెద్ద శబ్దంతో వెళ్ళిపోయింది.
When you are in your twenties you read Hegel.,जब आप अपनी बीस की उम्र में होते हैं तो आप हेगेल पढ़ते हैं।,Jab aap apni bees ki umr mein hote hain toh aap Hegel padhte hain.,మీరు ఇరవై ఏళ్ల వయస్సులో ఉన్నప్పుడు మీరు హెగెల్ చదువుతారు.
Hand me the hammer.,मुझे हथौड़ा पकड़ाओ।,Mujhe hathoda pakdao.,నాకు సుత్తిని ఇవ్వు.
The pencil broke in the middle of my test.,मेरी परीक्षा के बीच में ही पेंसिल टूट गई।,Meri pariksha ke beech mein hi pencil toot gayi.,నా పరీక్ష మధ్యలో పెన్సిల్ విరిగిపోయింది.
Options are limited.,विकल्प सीमित हैं।,Vikalp seemit hain.,ఎంపికలు పరిమితంగా ఉన్నాయి.
I would not want to be in that situation.,मैं उस स्थिति में नहीं होना चाहूँगा।,Main us sthiti mein nahi hona chahunga.,నేను ఆ పరిస్థితిలో ఉండకూడదు అనుకుంటున్నాను.
She was shaking like a chihuahua.,वह चिहुआहुआ की तरह कांप रही थी।,Vah chihuahua ki tarah kaanp rahi thi.,ఆమె చివావా కుక్కలా వణుకుతోంది.
She had so many books that she stacked them and used them as tables.,उसके पास इतनी किताबें थीं कि उसने उन्हें ढेर कर दिया और मेज के रूप में इस्तेमाल किया।,Uske paas itni kitabein thin ki usne unhein dher kar diya aur mej ke roop mein istemaal kiya.,"ఆమె దగ్గర చాలా పుస్తకాలు ఉన్నాయి, ఆమె వాటిని పేర్చి టేబుల్స్‌లా ఉపయోగించుకుంది."
Tom gave Mary an obvious wink.,टॉम ने मैरी को साफ-साफ आंख मारी।,Tom ne Mary ko saaf-saaf aankh maari.,టామ్ మేరీకి స్పష్టంగా కన్ను గీటాడు.
It's storming outside.,बाहर तूफ़ान हो रहा है।,Baahar toofan ho raha hai.,బయట తుఫానుగా ఉంది.
We know that everything we need to do is on the list.,"हम जानते हैं कि हमें जो कुछ भी करना है, वह सूची में है।","Hum jaante hain ki humein jo kuch bhi karna hai, vah soochi mein hai.",మనం చేయాల్సిన పనులన్నీ ఆ జాబితాలో ఉన్నాయని మనకు తెలుసు.
The box was small and wrapped in paper with tiny silver and red glitter dots.,डिब्बा छोटा था और उस पर चांदी और लाल रंग के छोटे चमकते बिंदुओं वाले कागज़ से लिपटा हुआ था।,Dibba chhota tha aur us par chandi aur laal rang ke chhote chamakte binduon vaale kaagaz se lipta hua tha.,"ఆ పెట్టె చిన్నదిగా ఉంది మరియు వెండి, ఎరుపు రంగు మెరిసే చుక్కలున్న కాగితంతో చుట్టబడి ఉంది."
Hairless cats are probably cold a lot.,बिना बालों वाली बिल्लियों को शायद बहुत ठंड लगती होगी।,Bina baalon vaali billiyon ko shaayad bahut thand lagti hogi.,జుట్టు లేని పిల్లులకు బహుశా తరచుగా చలి వేస్తుందేమో.
The Earth is spherical.,पृथ्वी गोलाकार है।,Prithvi golaakaar hai.,భూమి గోళాకారంలో ఉంటుంది.
You may choose what to eat from this list.,आप इस सूची में से चुन सकते हैं कि क्या खाना है।,Aap is soochi mein se chun sakte hain ki kya khaana hai.,ఈ జాబితా నుండి మీరు ఏమి తినాలో ఎంచుకోవచ్చు.
You look so amazing in that red dress and heels.,तुम उस लाल ड्रेस और हील्स में बहुत शानदार लग रही हो।,Tum us laal dress aur heels mein bahut shaandaar lag rahi ho.,ఆ ఎర్రటి డ్రెస్ మరియు హీల్స్‌లో నువ్వు చాలా అద్భుతంగా కనిపిస్తున్నావు.
The dog barked at the cat.,कुत्ते ने बिल्ली पर भौंका।,Kutte ne billi par bhaunka.,కుక్క పిల్లిని చూసి మొరిగింది.
I was so thirsty that I couldn't wait to get a drink of water.,मुझे इतनी प्यास लगी थी कि मैं पानी पीने के लिए इंतज़ार नहीं कर सका।,Mujhe itni pyaas lagi thi ki main paani peene ke liye intezaar nahi kar saka.,"నాకు ఎంత దాహం వేసిందంటే, నీళ్లు తాగే వరకు నేను ఆగలేకపోయాను."
He persuaded me to take the job.,उसने मुझे नौकरी स्वीकार करने के लिए मना लिया।,Usne mujhe naukri sveekaar karne ke liye mana liya.,ఆ ఉద్యోగం చేసేలా అతను నన్ను ఒప్పించాడు.
"When I read the list of ingredients, my stomach turned.","जब मैंने सामग्री की सूची पढ़ी, तो मेरा जी मिचलाने लगा।","Jab maine samagri ki soochi padhi, toh mera jee michlane laga.","నేను పదార్థాల జాబితాను చదివినప్పుడు, నాకు వికారంగా అనిపించింది."
Keep your hands to yourself.,अपने हाथ अपने पास रखो।,Apne haath apne paas rakho.,నీ చేతులను నీ దగ్గరే ఉంచుకో.
I own a lot of property in Beijing.,बीजिंग में मेरी बहुत सारी संपत्ति है।,Beijing mein meri bahut saari sampatti hai.,బీజింగ్‌లో నాకు చాలా ఆస్తులు ఉన్నాయి.
I didn't realize that the app was an invitation-only kind of thing.,मुझे एहसास नहीं था कि यह ऐप केवल आमंत्रण-आधारित है।,Mujhe ehsaas nahi tha ki yeh app keval aamantran-aadharit hai.,ఈ యాప్ కేవలం ఆహ్వానం ఉన్నవారికి మాత్రమేనని నాకు తెలియదు.
I was already sorry that you had to work with Blake.,मुझे पहले से ही दुख था कि तुम्हें ब्लेक के साथ काम करना पड़ा।,Mujhe pehle se hi dukh tha ki tumhein Blake ke saath kaam karna pada.,నువ్వు బ్లేక్‌తో కలిసి పని చేయాల్సి వచ్చినందుకు నాకు ముందే బాధగా అనిపించింది.
She was constantly looking for new jobs.,वह लगातार नई नौकरियों की तलाश में थी।,Vah lagaatar nayi naukriyon ki talaash mein thi.,ఆమె నిరంతరం కొత్త ఉద్యోగాల కోసం వెతుకుతోంది.
It's so expensive I want to die.,यह इतना महंगा है कि मेरा मन कर रहा है कि मैं मर जाऊं।,Yeh itna mehnga hai ki mera mann kar raha hai ki main mar jaaun.,"ఇది ఎంత ఖరీదైనదంటే, నాకు చచ్చిపోవాలనిపిస్తోంది."
They’re as different as night and day.,वे दिन और रात की तरह अलग हैं।,Ve din aur raat ki tarah alag hain.,వారు పగలు మరియు రాత్రిలా పూర్తిగా భిన్నంగా ఉంటారు.
The siblings could help each other.zfh,भाई-बहन एक-दूसरे की मदद कर सकते थे।,Bhai-behen ek-doosre ki madad kar sakte the.,తోబుట్టువులు ఒకరికొకరు సహాయం చేసుకోవచ్చు.
You ought to do it.,तुम्हें यह करना चाहिए।,Tumhein yeh karna chahiye.,నువ్వు ఇది చేయాలి.
He knows English better than I do.,वह मुझसे बेहतर अंग्रेजी जानता है।,Vah mujhse behtar angrezi jaanta hai.,అతనికి నాకంటే బాగా ఇంగ్లీష్ వచ్చు.
She liked vintage jeans because they fit her better.,उसे पुरानी शैली की जींस पसंद थी क्योंकि वे उसे बेहतर फिट होती थीं।,Use purani shaili ki jeans pasand thi kyonki ve use behtar fit hoti thin.,ఆమెకు పాతకాలపు జీన్స్ అంటే ఇష్టం ఎందుకంటే అవి ఆమెకు బాగా సరిపోతాయి.
My son is a total nightmare.,मेरा बेटा बहुत ही ज्यादा परेशान करने वाला है।,Mera beta bahut hi zyada pareshan karne vala hai.,నా కొడుకు చాలా అల్లరి చేస్తాడు.
The peddler carried a big bundle on his back.,फेरीवाले ने अपनी पीठ पर एक बड़ा गट्ठर लादा हुआ था।,Pherivale ne apni peeth par ek bada gatthar lada hua tha.,ఆ వ్యాపారి తన వీపుపై ఒక పెద్ద మూటను మోసుకెళ్తున్నాడు.
I won’t phone my friend till Bob arrives.,"जब तक बॉब नहीं आ जाता, मैं अपने दोस्त को फोन नहीं करूँगा।","Jab tak Bob nahi aa jata, main apne dost ko phone nahi karunga.",బాబ్ వచ్చే వరకు నేను నా స్నేహితుడికి ఫోన్ చేయను.
She bought a new plant even though she already had too many.,"उसने एक नया पौधा खरीदा, भले ही उसके पास पहले से ही बहुत सारे थे।","Usne ek naya paudha kharida, bhale hi uske paas pehle se hi bahut saare the.","ఆమె దగ్గర ఇప్పటికే చాలా మొక్కలు ఉన్నప్పటికీ, కొత్త మొక్కను కొనుగోలు చేసింది."
You took out someone you cared for.,तुम किसी ऐसे व्यक्ति को बाहर ले गए जिसकी तुम परवाह करते थे।,Tum kisi aise vyakti ko bahar le gaye jiski tum parvah karte the.,నువ్వు ఇష్టపడే వ్యక్తిని బయటకు తీసుకెళ్లావు.
The book had pictures of eyes all over the cover.,किताब के कवर पर चारों तरफ आँखों की तस्वीरें थीं।,Kitab ke cover par charon taraf aankhon ki tasveeren thin.,ఆ పుస్తకం కవర్ అంతా కళ్ల బొమ్మలు ఉన్నాయి.
I'm not really a TV watcher.,मैं वास्तव में टीवी देखने वाला व्यक्ति नहीं हूँ।,Main vastav mein TV dekhne vala vyakti nahi hoon.,నేను ఎక్కువగా టీవీ చూడను.
Everything has a beginning and an end.,हर चीज़ की एक शुरुआत और एक अंत होता है।,Har cheez ki ek shuruat aur ek ant hota hai.,ప్రతిదానికి ఒక ఆరంభం మరియు ఒక అంతం ఉంటుంది.
There was a point in my life when my dreams didn't seem possible.,मेरे जीवन में एक ऐसा समय था जब मेरे सपने संभव नहीं लगते थे।,Mere jeevan mein ek aisa samay tha jab mere sapne sambhav nahi lagte the.,"నా జీవితంలో ఒక సమయం ఉండేది, అప్పుడు నా కలలు సాధ్యం కావు అనిపించేవి."
"On her fifteenth birthday, her mom surprised her with a trip to Portugal.","उसके पंद्रहवें जन्मदिन पर, उसकी माँ ने उसे पुर्तगाल की यात्रा का सरप्राइज़ दिया।","Uske pandrahve janmdin par, uski maa ne use Portugal ki yatra ka surprise diya.","ఆమె పదిహేనవ పుట్టినరోజున, ఆమె తల్లి ఆమెకు పోర్చుగల్ పర్యటనతో సర్ప్రైజ్ ఇచ్చింది."
She’s a walking encyclopedia of scientific facts.,वह वैज्ञानिक तथ्यों का चलता-फिरता विश्वकोश है।,Vah vaigyanik tathyon ka chalta-phirta vishwakosh hai.,ఆమె శాస్త్రీయ విషయాలకు సంబంధించి నడిచే ఎన్సైక్లోపీడియా వంటిది.
"She wasn't sure if she liked her job or not, but she was sure it was better than being unemployed.","उसे पक्का नहीं पता था कि उसे अपनी नौकरी पसंद है या नहीं, लेकिन उसे यह पक्का पता था कि बेरोजगार रहने से यह बेहतर है।","Use pakka nahi pata tha ki use apni naukri pasand hai ya nahi, lekin use yah pakka pata tha ki berojgar rahne se yah behtar hai.","ఆమెకు తన ఉద్యోగం నచ్చిందో లేదో తెలియదు, కానీ నిరుద్యోగిగా ఉండటం కంటే ఇది మేలని ఆమెకు తెలుసు."
That box is too big to put in the trunk of the car.,वह डिब्बा इतना बड़ा है कि कार की डिक्की में नहीं आ सकता।,Vah dibba itna bada hai ki car ki dikki mein nahi aa sakta.,ఆ పెట్టె కారు డిక్కీలో పెట్టడానికి చాలా పెద్దదిగా ఉంది.
He drinks more water than I do.,वह मुझसे ज्यादा पानी पीता है।,Vah mujhse zyada paani peeta hai.,అతను నాకంటే ఎక్కువ నీళ్లు తాగుతాడు.
She cut the covers off of all of her books so people wouldn't want to steal them.,उसने अपनी सभी किताबों के कवर काट दिए ताकि लोग उन्हें चुराना न चाहें।,Usne apni sabhi kitabon ke cover kaat diye taki log unhe churana na chahein.,ఎవరూ దొంగిలించకూడదని ఆమె తన పుస్తకాలన్నింటి కవర్లను కత్తిరించింది.
She bought a rotisserie chicken at the grocery store and its juices spilled all over the inside of her canvas bag.,उसने किराने की दुकान से एक रोटिसरी चिकन खरीदा और उसका रस उसके कैनवास बैग के अंदर हर जगह फैल गया।,Usne kirane ki dukan se ek rotisserie chicken kharida aur uska ras uske canvas bag ke andar har jagah phail gaya.,"ఆమె కిరాణా దుకాణంలో రోటిస్సేరీ చికెన్ కొన్నది, దాని రసం ఆమె కాన్వాస్ బ్యాగ్ లోపల అంతా ఒలికిపోయింది."
I get on the bus.,मैं बस में चढ़ता हूँ।,Main bus mein chadhta hoon.,నేను బస్సు ఎక్కుతాను.
My daughter does the laundry.,मेरी बेटी कपड़े धोती है।,Meri beti kapde dhoti hai.,నా కూతురు బట్టలు ఉతుకుతుంది.
She went on a first date with the boy before she realized he was a Marxist.,उस लड़के के मार्क्सवादी होने का पता चलने से पहले ही वह उसके साथ पहली डेट पर चली गई थी।,Us ladke ke marksvaadi hone ka pata chalne se pehle hi vah uske saath pehli date par chali gayi thi.,ఆ అబ్బాయి మార్క్సిస్ట్ అని తెలియకముందే ఆమె అతనితో మొదటి డేట్‌కి వెళ్ళింది.
We finished a bottle of wine between the two of us.,हम दोनों ने मिलकर वाइन की एक बोतल खत्म कर दी।,Hum dono ne milkar wine ki ek botal khatam kar di.,మేమిద్దరం కలిసి వైన్ బాటిల్ మొత్తం తాగేశాం.
Danny drank the juice.,डैनी ने जूस पी लिया।,Danny ne juice pee liya.,డాని జ్యూస్ తాగేశాడు.
You're running a big risk in trusting him.,उस पर भरोसा करके तुम बहुत बड़ा जोखिम उठा रहे हो।,Us par bharosa karke tum bahut bada jokhim utha rahe ho.,అతనిని నమ్మి నువ్వు చాలా పెద్ద రిస్క్ తీసుకుంటున్నావు.
Any day will do.,कोई भी दिन चलेगा।,Koi bhi din chalega.,ఏ రోజైనా పర్వాలేదు.
Cows eat grass.,गायें घास खाती हैं।,Gaayein ghaas khati hain.,ఆవులు గడ్డి తింటాయి.
He changed his favorite color by the day.,वह हर दिन अपना पसंदीदा रंग बदल लेता था।,Vah har din apna pasandida rang badal leta tha.,అతను ప్రతిరోజూ తనకి ఇష్టమైన రంగును మార్చేవాడు.
"Also, they don’t eat much.","साथ ही, वे ज्यादा नहीं खाते हैं।","Saath hi, ve zyada nahi khaate hain.","అంతేకాకుండా, అవి ఎక్కువగా తినవు."
I can be greedy sometimes.,मैं कभी-कभी लालची हो सकता हूँ।,Main kabhi-kabhi lalchi ho sakta hoon.,నేను కొన్నిసార్లు అత్యాశపడతాను.
Here he comes to save the day.,वह मुसीबत से बचाने के लिए आ गया।,Vah museebat se bachane ke liye aa gaya.,సమస్యను పరిష్కరించడానికి అతను వచ్చేసాడు.
Let's go to the mall today.,चलो आज मॉल चलते हैं।,Chalo aaj mall chalte hain.,ఈరోజు మనం మాల్‌కి వెళ్దాం.
Pam wants to play outside because it just stopped raining.,पैम बाहर खेलना चाहती है क्योंकि अभी बारिश रुकी है।,Pam bahar khelna chahti hai kyonki abhi barish ruki hai.,ఇప్పుడే వర్షం ఆగిపోయింది కాబట్టి ప్యామ్ బయట ఆడుకోవాలనుకుంటోంది.
I want chocolate.,मुझे चॉकलेट चाहिए।,Mujhe chocolate chahiye.,నాకు చాక్లెట్ కావాలి.
I told him I’d spank the suitcase for being bad.,मैंने उससे कहा कि मैं सूटकेस को बुरा होने के लिए मारूँगा।,Maine usse kaha ki main suitcase ko bura hone ke liye marunga.,సూట్‌కేస్ అల్లరి చేసినందుకు దాన్ని కొడతానని నేను వాడితో చెప్పాను.
Tom's a lot smarter than me.,टॉम मुझसे कहीं ज्यादा होशियार है।,Tom mujhse kahin jyada hoshiyar hai.,టామ్ నాకంటే చాలా తెలివైనవాడు.
You're the best person I know.,तुम मेरी जान-पहचान में सबसे अच्छे इंसान हो।,Tum meri jaan-pehchan mein sabse achhe insaan ho.,నాకు తెలిసిన వారిలో నువ్వు చాలా మంచి వ్యక్తివి.
I think you have the wrong number.,मुझे लगता है आपने गलत नंबर डायल किया है।,Mujhe lagta hai aapne galat number dial kiya hai.,మీరు తప్పు నంబర్‌కు కాల్ చేశారని నేను అనుకుంటున్నాను.
"He had an old pickup truck and a big, battered mower.","उसके पास एक पुरानी पिकअप ट्रक और एक बड़ी, खस्ताहाल घास काटने वाली मशीन थी।","Uske paas ek purani pickup truck aur ek badi, khastahal ghas katne wali machine thi.","అతని దగ్గర ఒక పాత పికప్ ట్రక్కు మరియు పెద్దగా, పాడైపోయిన గడ్డి కోసే యంత్రం ఉన్నాయి."
We were on the lake yesterday.,हम कल झील पर थे।,Hum kal jheel par the.,మేము నిన్న సరస్సు దగ్గర ఉన్నాము.
"She really wanted Panera, but there wasn't a store near her.","वह वास्तव में पनेरा चाहती थी, लेकिन उसके पास कोई स्टोर नहीं था।","Vah vastav mein Panera chahti thi, lekin uske paas koi store nahi tha.","ఆమెకు పనేరా తినాలని చాలా ఉంది, కానీ ఆమె దగ్గరలో ఆ స్టోర్ ఏదీ లేదు."
Paul gave me a present.,पॉल ने मुझे एक तोहफा दिया।,Paul ne mujhe ek tohfa diya.,పాల్ నాకు ఒక బహుమతి ఇచ్చాడు.
My small pet mouse escaped from his cage.,मेरा छोटा पालतू चूहा अपने पिंजरे से भाग गया।,Mera chhota paaltu chuha apne pinjre se bhaag gaya.,నా చిన్న పెంపుడు ఎలుక దాని పంజరం నుండి తప్పించుకుంది.
The delayed train has been an unexpected event today.,आज ट्रेन का देरी से आना एक अप्रत्याशित घटना रही है।,Aaj train ka deri se aana ek apratyashit ghatna rahi hai.,ఈరోజు రైలు ఆలస్యం కావడం ఊహించని సంఘటన.
There is a dictionary open on the table.,मेज पर एक डिक्शनरी खुली पड़ी है।,Mez par ek dictionary khuli padi hai.,టేబుల్ మీద ఒక నిఘంటువు తెరిచి ఉంది.
"I'll have to blow out my gas stove for my birthday, since I don't have any candles.","मुझे अपने जन्मदिन के लिए गैस स्टोव को फूंक मारकर बुझाना पड़ेगा, क्योंकि मेरे पास मोमबत्तियाँ नहीं हैं।","Mujhe apne janmdin ke liye gas stove ko phoonk maarkar bujhana padega, kyonki mere paas mombattiyan nahi hain.","నా దగ్గర కొవ్వొత్తులు లేవు కాబట్టి, నా పుట్టినరోజు కోసం గ్యాస్ స్టవ్‌ను ఊది ఆర్పాల్సి వస్తుంది."
I plan to weed the yard today.,मैं आज आंगन से खरपतवार निकालने की योजना बना रहा हूँ।,Main aaj aangan se kharpatwar nikalne ki yojana bana raha hoon.,ఈరోజు నేను పెరట్లో కలుపు మొక్కలను తొలగించాలని అనుకుంటున్నాను.
The baby threw up all over her new white dress.,बच्ची ने अपनी नई सफेद ड्रेस पर उल्टी कर दी।,Bachchi ne apni nayi safed dress par ulti kar di.,పాప తన కొత్త తెల్లటి దుస్తుల మీద వాంతి చేసుకుంది.
I’ve been able to cure my neighbor’s sick cat.,मैं अपने पड़ोसी की बीमार बिल्ली का इलाज करने में सफल रहा हूँ।,Main apne padosi ki bimar billi ka ilaaj karne mein safal raha hoon.,నేను నా పొరుగువారి అనారోగ్యంతో ఉన్న పిల్లిని నయం చేయగలిగాను.
Don't even look at me.,मेरी तरफ देखना भी मत।,Meri taraf dekhna bhi mat.,నా వైపు చూడకు కూడా.
Eurasia has a very rich history.,यूरेशिया का इतिहास बहुत समृद्ध है।,Eurasia ka itihas bahut samriddh hai.,యురేషియాకు చాలా గొప్ప చరిత్ర ఉంది.
I have lived in Shanghai for a long time.,मैं लंबे समय से शंघाई में रह रहा हूँ।,Main lambe samay se Shanghai mein reh raha hoon.,నేను చాలా కాలంగా షాంఘైలో ఉంటున్నాను.
The room had green wallpaper with yellow flowers all over it.,कमरे में हरे रंग का वॉलपेपर था जिस पर चारों तरफ पीले फूल बने थे।,Kamre mein hare rang ka wallpaper tha jis par charon taraf peele phool bane the.,"ఆ గదిలో ఆకుపచ్చ రంగు వాల్‌పేపర్ ఉంది, దాని నిండా పసుపు రంగు పూలు ఉన్నాయి."
I can do what you said.,"तुमने जो कहा, मैं वह कर सकता हूँ।","Tumne jo kaha, main woh kar sakta hoon.",నువ్వు చెప్పింది నేను చేయగలను.
My mom went on vacation and left my dad in charge of the house.,मेरी माँ छुट्टी पर चली गईं और घर की जिम्मेदारी मेरे पिता को सौंप गईं।,Meri maa chhutti par chali gayin aur ghar ki zimmedari mere pita ko saunp gayin.,"మా అమ్మ వెకేషన్‌కి వెళ్ళింది, ఇంటి బాధ్యతను మా నాన్నకు అప్పగించింది."
They could be together.,वे साथ हो सकते हैं।,Ve saath ho sakte hain.,వారు కలిసి ఉండవచ్చు.
"She was hypercritical of all writers, even those who had been published and became successful.","वह सभी लेखकों की बहुत आलोचना करती थी, यहाँ तक कि उनकी भी जो प्रकाशित हो चुके थे और सफल हो गए थे।","Vah sabhi lekhakon ki bahut aalochna karti thi, yahan tak ki unki bhi jo prakashit ho chuke the aur safal ho gaye the.","ఆమె రచయితలందరినీ విపరీతంగా విమర్శించేది, ప్రచురితమై విజయం సాధించిన వారిని కూడా వదిలిపెట్టేది కాదు."
"I saw some cool vintage chairs in a thrift store, but I really need to stop buying things.","मैंने एक पुरानी चीज़ों की दुकान में कुछ शानदार विंटेज कुर्सियाँ देखीं, लेकिन मुझे वास्तव में चीज़ें खरीदना बंद करना होगा।","Maine ek purani cheezon ki dukan mein kuch shandaar vintage kursiyan dekhi, lekin mujhe vastav mein cheezein khareedna band karna hoga.","నేను ఒక సెకండ్ హ్యాండ్ షాపులో కొన్ని మంచి పాతకాలపు కుర్చీలను చూశాను, కానీ నేను వస్తువులు కొనడం ఆపాలి."
You know what I mean.,तुम समझ रहे हो कि मेरा क्या मतलब है।,Tum samajh rahe ho ki mera kya matlab hai.,నేను ఏమంటున్నానో నీకు అర్థమవుతోంది.
She cancelled the date last minute because she was so stressed.,उसने आखिरी समय पर डेट रद्द कर दी क्योंकि वह बहुत तनाव में थी।,Usne aakhiri samay par date radd kar di kyonki vah bahut tanav mein thi.,ఆమె చాలా ఒత్తిడిలో ఉండటం వల్ల చివరి నిమిషంలో డేట్‌ను రద్దు చేసుకుంది.
Gus and Jack are selling toys outside their house.,गस और जैक अपने घर के बाहर खिलौने बेच रहे हैं।,Gus aur Jack apne ghar ke bahar khilone bech rahe hain.,గస్ మరియు జాక్ తమ ఇంటి బయట బొమ్మలను అమ్ముతున్నారు.
They sat in the shade of that big tree.,वे उस बड़े पेड़ की छाया में बैठ गए।,Ve us bade ped ki chhaya mein baith gaye.,వారు ఆ పెద్ద చెట్టు నీడలో కూర్చున్నారు.
I could help mom around here.,मैं यहाँ माँ की मदद कर सकता हूँ।,Main yahan maa ki madad kar sakta hoon.,నేను ఇక్కడ అమ్మకు సహాయం చేయగలను.
Those apples are very red.,वे सेब बहुत लाल हैं।,Ve seb bahut laal hain.,ఆ ఆపిల్ పండ్లు చాలా ఎర్రగా ఉన్నాయి.
They want to make it bigger.,वे इसे और बड़ा बनाना चाहते हैं।,Ve ise aur bada banana chahte hain.,వారు దీన్ని ఇంకా పెద్దదిగా చేయాలనుకుంటున్నారు.
We can make ice cream.,हम आइसक्रीम बना सकते हैं।,Hum ice cream bana sakte hain.,మనం ఐస్ క్రీమ్ తయారు చేయవచ్చు.
"Nevermind, then.",तो फिर रहने दो।,Toh phir rehne do.,"అయితే, వదిలేయ్."
She was the one that got away.,वही थी जो हाथ से निकल गई।,Wahi thi jo haath se nikal gayi.,ఆమెనే నా చేజారిపోయిన వ్యక్తి.
How beautiful she is.,वह कितनी सुंदर है।,Vah kitni sundar hai.,ఆమె ఎంత అందంగా ఉందో.
"Yes, every tweet so far has been bad, but scientists are hopeful that one day we will discover a way to make good tweets.","हाँ, अब तक का हर ट्वीट बुरा रहा है, लेकिन वैज्ञानिक आशावान हैं कि एक दिन हम अच्छे ट्वीट बनाने का तरीका खोज लेंगे।","Haan, ab tak ka har tweet bura raha hai, lekin vaigyanik aashavaan hain ki ek din hum achhe tweet banane ka tareeka khoj lenge.","అవును, ఇప్పటివరకు ప్రతి ట్వీట్ చెడ్డగానే ఉంది, కానీ ఒక రోజు మంచి ట్వీట్లు చేసే మార్గాన్ని కనుగొంటామని శాస్త్రవేత్తలు ఆశాభావంతో ఉన్నారు."
The shower was too hot when I first got into it.,जब मैं पहली बार नहाने गया तो शावर का पानी बहुत गर्म था।,Jab main pehli baar nahaane gaya toh shower ka paani bahut garam tha.,నేను మొదటిసారి షవర్ కిందకు వెళ్ళినప్పుడు నీళ్లు చాలా వేడిగా ఉన్నాయి.
I also did not want to just close it down.,मैं भी इसे बस बंद नहीं करना चाहता था।,Main bhi ise bas band nahi karna chahta tha.,నేను కూడా దీన్ని ఊరికే మూసివేయాలని అనుకోలేదు.
"I'll be back tomorrow, and we can decide together then.","मैं कल वापस आऊंगा, और तब हम साथ मिलकर फैसला कर सकते हैं।","Main kal wapas aaunga, aur tab hum saath milkar faisla kar sakte hain.","నేను రేపు తిరిగి వస్తాను, అప్పుడు మనం కలిసి నిర్ణయం తీసుకోవచ్చు."
She was born to dance.,वह नाचने के लिए ही पैदा हुई थी।,Vah naachne ke liye hi paida hui thi.,ఆమె పుట్టిందే నాట్యం చేయడానికి.
The Chicago Bulls won six championships.,शिकागो बुल्स ने छह चैंपियनशिप जीतीं।,Chicago Bulls ne chhah championship jeetin.,చికాగో బుల్స్ ఆరు ఛాంపియన్‌షిప్‌లను గెలుచుకుంది.
I am to blame for her death.,उसकी मौत का जिम्मेदार मैं हूं।,Uski maut ka zimmedar main hoon.,ఆమె మరణానికి నేనే బాధ్యుడిని.
"She didn't drink, but she didn't want people to realize that, so she ordered a ginger ale at the bar.","वह शराब नहीं पीती थी, लेकिन वह नहीं चाहती थी कि लोगों को यह पता चले, इसलिए उसने बार में जिंजर एल ऑर्डर किया।","Vah sharab nahi peeti thi, lekin vah nahi chahti thi ki logon ko yah pata chale, isliye usne bar mein ginger ale order kiya.","ఆమె మద్యం తాగదు, కానీ అది ఎవరికీ తెలియకూడదని బార్‌లో జింజర్ ఏల్ ఆర్డర్ చేసింది."
There is not much to do in South Carolina other than sit on a beach.,साउथ कैरोलिना में समुद्र तट पर बैठने के अलावा करने के लिए ज्यादा कुछ नहीं है।,South Carolina mein samudra tat par baithne ke alava karne ke liye zyada kuch nahi hai.,సౌత్ కరోలినాలో బీచ్‌లో కూర్చోవడం తప్ప చేయడానికి పెద్దగా ఏమీ లేదు.
I stepped into the elevator and pressed the down button.,मैं लिफ्ट में गया और नीचे जाने वाला बटन दबाया।,Main lift mein gaya aur neeche jaane wala button dabaya.,"నేను ఎలివేటర్ ఎక్కి, కిందికి వెళ్లే బటన్ నొక్కాను."
I suggest you leave here at once.,मेरा सुझाव है कि तुम अभी यहां से चले जाओ।,Mera sujhav hai ki tum abhi yahan se chale jao.,నువ్వు వెంటనే ఇక్కడి నుండి వెళ్లిపోవాలని నా సలహా.
He reminds me of your brother.,वह मुझे तुम्हारे भाई की याद दिलाता है।,Vah mujhe tumhare bhai ki yaad dilata hai.,అతనిని చూస్తుంటే నాకు నీ సోదరుడు గుర్తొస్తున్నాడు.
She fell and got a bruise on her thigh that was shaped like Texas.,वह गिर गई और उसकी जांघ पर चोट का निशान बन गया जो टेक्सास के आकार का था।,Vah gir gayi aur uski jaangh par chot ka nishan ban gaya jo Texas ke aakaar ka tha.,ఆమె పడిపోవడంతో ఆమె తొడపై టెక్సాస్ ఆకారంలో ఒక గాయం అయ్యింది.
You make me so happy.,तुम मुझे बहुत खुश करते हो।,Tum mujhe bahut khush karte ho.,నువ్వు నన్ను చాలా సంతోషపెడతావు.
We will walk in the garden later.,हम बाद में बगीचे में टहलेंगे।,Hum baad mein bagiche mein tahlenge.,మేము తర్వాత తోటలో నడుస్తాము.
I’d be very surprised if that happened.,अगर ऐसा हुआ तो मुझे बहुत आश्चर्य होगा।,Agar aisa hua toh mujhe bahut aashcharya hoga.,ఒకవేళ అలా జరిగితే నేను చాలా ఆశ్చర్యపోతాను.
"I wanted a little more than that, to be perfectly honest, Trevor.","सच कहूं तो ट्रेवर, मुझे उससे थोड़ा और चाहिए था।","Sach kahun toh Trevor, mujhe usse thoda aur chahiye tha.","నిజం చెప్పాలంటే ట్రెవర్, నాకు అంతకంటే కొంచెం ఎక్కువ కావాలి."
They had a very traditional doorbell.,उनके पास एक बहुत ही पारंपरिक डोरबेल थी।,Unke paas ek bahut hi paramparik doorbell thi.,వారి దగ్గర చాలా సాంప్రదాయమైన డోర్‌బెల్ ఉంది.
The gang's all her.,पूरी गैंग यहाँ है।,Puri gang yahan hai.,గ్యాంగ్ అంతా ఇక్కడే ఉంది.
She kept getting distracted by her own face in the camera viewfinder.,वह कैमरा व्यूफाइंडर में अपना चेहरा देखकर बार-बार विचलित हो रही थी।,Vah camera viewfinder mein apna chehra dekhkar baar-baar vichalit ho rahi thi.,కెమెరా వ్యూఫైండర్‌లో తన ముఖాన్ని చూసుకుంటూ ఆమె పదే పదే పరధ్యానంలో పడిపోతోంది.
I spread the map on the table.,मैंने मेज पर नक्शा फैला दिया।,Maine mej par naksha phaila diya.,నేను టేబుల్ మీద మ్యాప్‌ను పరిచాను.
"He wanted to give his boyfriend a hug, but he was in Slovakia.","वह अपने बॉयफ्रेंड को गले लगाना चाहता था, लेकिन वह स्लोवाकिया में था।","Vah apne boyfriend ko gale lagana chahta tha, lekin vah Slovakia mein tha.","అతను తన బాయ్‌ఫ్రెండ్‌ని కౌగిలించుకోవాలనుకున్నాడు, కానీ అతను స్లోవేకియాలో ఉన్నాడు."
We go to a gallery every Sunday.,हम हर रविवार गैलरी जाते हैं।,Hum har ravivar gallery jaate hain.,మేము ప్రతి ఆదివారం గ్యాలరీకి వెళ్తాము.
She found an old piece of paper under the fridge that had writing all over it.,उसे फ्रिज के नीचे कागज का एक पुराना टुकड़ा मिला जिस पर हर तरफ कुछ लिखा हुआ था।,Use fridge ke neeche kagaz ka ek purana tukda mila jis par har taraf kuch likha hua tha.,"ఫ్రిజ్ కింద ఆమెకు ఒక పాత కాగితం ముక్క దొరికింది, దాని నిండా రాతలు ఉన్నాయి."
It was a big honor to be asked to give a speech.,भाषण देने के लिए कहा जाना एक बहुत बड़ा सम्मान था।,Bhashan dene ke liye kaha jana ek bahut bada samman tha.,ప్రసంగం ఇవ్వమని అడగడం చాలా పెద్ద గౌరవం.
Tom knew he'd just made a big mistake.,टॉम जानता था कि उसने अभी-अभी एक बड़ी गलती की है।,Tom jaanta tha ki usne abhi-abhi ek badi galti ki hai.,తాను ఒక పెద్ద తప్పు చేశానని టామ్‌కు తెలుసు.
He led them down the mountain.,वह उन्हें पहाड़ से नीचे ले गया।,Vah unhein pahad se neeche le gaya.,అతను వారిని కొండ దిగువకు నడిపించాడు.
She started wondering if he was cheating on her when she saw the receipt for an expensive jewelry purchase.,"जब उसने महंगे गहनों की खरीद की रसीद देखी, तो वह सोचने लगी कि क्या वह उसे धोखा दे रहा है।","Jab usne mehenge gehno ki khareed ki raseed dekhi, toh vah sochne lagi ki kya vah use dhokha de raha hai.","ఖరీదైన నగలు కొన్న రసీదును చూసినప్పుడు, అతను తనను మోసం చేస్తున్నాడేమోనని ఆమె అనుమానించడం మొదలుపెట్టింది."
I can’t believe how right I was back then.,मुझे विश्वास नहीं हो रहा है कि मैं उस समय कितना सही था।,Mujhe vishwas nahi ho raha hai ki main us samay kitna sahi tha.,అప్పట్లో నేను ఎంత సరైన నిర్ణయం తీసుకున్నానో నమ్మలేకపోతున్నాను.
I just got hired at this restaurant.,मुझे अभी-अभी इस रेस्तरां में नौकरी मिली है।,Mujhe abhi-abhi is restaurant mein naukri mili hai.,ఈ రెస్టారెంట్‌లో నాకు ఇప్పుడే ఉద్యోగం వచ్చింది.
He came to the point at once.,वह तुरंत मुद्दे पर आ गया।,Vah turant mudde par aa gaya.,అతను వెంటనే అసలు విషయానికి వచ్చేశాడు.
I was taking care of the dog.,मैं कुत्ते की देखभाल कर रहा था।,Main kutte ki dekhbhal kar raha tha.,నేను కుక్కను చూసుకుంటున్నాను.
It's adorable that you think I like you.,यह बहुत प्यारा है कि तुम सोचते हो कि मैं तुम्हें पसंद करती हूँ।,Yeh bahut pyara hai ki tum sochte ho ki main tumhein pasand karti hoon.,నేను నిన్ను ఇష్టపడుతున్నానని నువ్వు అనుకోవడం చాలా ముద్దుగా ఉంది.
He was born in Tunisia but moved to Amsterdam when he was six.,उसका जन्म ट्यूनीशिया में हुआ था लेकिन छह साल की उम्र में वह एम्स्टर्डम चला गया।,Uska janm Tunisia mein hua tha lekin chah saal ki umr mein vah Amsterdam chala gaya.,"అతను ట్యునీషియాలో జన్మించాడు, కానీ ఆరు సంవత్సరాల వయస్సులో ఆమ్‌స్టర్‌డామ్‌కు వెళ్ళిపోయాడు."
Shape up or ship out.,सुधर जाओ या यहाँ से चले जाओ।,Sudhar jao ya yahan se chale jao.,పద్ధతి మార్చుకో లేదా ఇక్కడి నుండి వెళ్ళిపో.
The way you said that didn't make sense.,"जिस तरह से तुमने वह बात कही, उसका कोई मतलब नहीं था।","Jis tarah se tumne vah baat kahi, uska koi matlab nahin tha.",నువ్వు చెప్పిన విధానం అర్థరహితంగా ఉంది.
"We all want to believe that hot people aren't better than everyone else, but it's surprisingly difficult to justify philosophically.","हम सभी यह मानना चाहते हैं कि आकर्षक लोग दूसरों से बेहतर नहीं होते, लेकिन दार्शनिक रूप से इसे सही ठहराना आश्चर्यजनक रूप से कठिन है।","Hum sabhi yeh manna chahte hain ki aakarshak log dusron se behtar nahin hote, lekin darshanik roop se ise sahi thahrana aashcharyajanak roop se kathin hai.","అందమైన వ్యక్తులు అందరికంటే గొప్పవారు కాదని మనమందరం నమ్మాలనుకుంటాము, కానీ తాత్వికంగా దీన్ని సమర్థించడం చాలా కష్టం."
The girl was wearing a denim jacket over a denim shirt and denim jeans.,लड़की ने डेनिम शर्ट और डेनिम जींस के ऊपर डेनिम जैकेट पहनी थी।,Ladki ne denim shirt aur denim jeans ke upar denim jacket pahni thi.,ఆ అమ్మాయి డెనిమ్ షర్ట్ మరియు డెనిమ్ జీన్స్ పైన డెనిమ్ జాకెట్ వేసుకుంది.
Their efforts embarrassed them.,उनके प्रयासों ने उन्हें शर्मिंदा कर दिया।,Unke prayason ne unhein sharminda kar diya.,వారి ప్రయత్నాలు వారిని ఇబ్బందికి గురిచేశాయి.
She could do it in her sleep.,वह इसे नींद में भी कर सकती थी।,Vah ise neend mein bhi kar sakti thi.,ఆమె నిద్రలో కూడా అది చేయగలదు.
It took quite a while.,इसमें काफी समय लगा।,Ismein kaafi samay laga.,దీనికి చాలా సమయం పట్టింది.
"When her boss didn't respond to her text immediately, she started to panic.","जब उसके बॉस ने उसके मैसेज का तुरंत जवाब नहीं दिया, तो वह घबराने लगी।","Jab uske boss ne uske message ka turant javab nahin diya, to vah ghabrane lagi.","ఆమె బాస్ ఆమె మెసేజ్‌కు వెంటనే స్పందించకపోవడంతో, ఆమె కంగారు పడటం మొదలుపెట్టింది."
Dozens of houses were burned down in that big fire.,उस बड़ी आग में दर्जनों घर जलकर राख हो गए।,Us badi aag mein darjano ghar jalkar raakh ho gaye.,ఆ పెద్ద అగ్నిప్రమాదంలో డజన్ల కొద్దీ ఇళ్లు కాలిపోయాయి.
He has been looking for this portal for decades.,वह दशकों से इस पोर्टल की तलाश कर रहा है।,Vah dashako se is portal ki talash kar raha hai.,అతను దశాబ్దాలుగా ఈ పోర్టల్ కోసం వెతుకుతున్నాడు.
"I don't mess around with diets; when I'm hungry, I eat.","मैं डाइट के चक्कर में नहीं पड़ता; जब मुझे भूख लगती है, तो मैं खा लेता हूँ।","Main diet ke chakkar mein nahi padta; jab mujhe bhookh lagti hai, toh main kha leta hoon.","నేను డైట్ల జోలికి వెళ్ళను; నాకు ఆకలి వేసినప్పుడు, నేను తినేస్తాను."
She had never appreciated radio news shows.,उसने कभी भी रेडियो समाचार कार्यक्रमों की सराहना नहीं की थी।,Usne kabhi bhi radio samachar karyakramo ki sarahna nahi ki thi.,ఆమె ఎప్పుడూ రేడియో వార్తా కార్యక్రమాలను ఇష్టపడలేదు.
I put on my slippers.,मैंने अपनी चप्पलें पहन लीं।,Maine apni chappalein pehan li.,నేను నా చెప్పులు వేసుకున్నాను.
"When he decided to investigate the crime, he had no idea he'd learn so much about his family.","जब उसने अपराध की जांच करने का फैसला किया, तो उसे अंदाजा नहीं था कि वह अपने परिवार के बारे में इतना कुछ जान जाएगा।","Jab usne apradh ki jaanch karne ka faisla kiya, toh use andaza nahi tha ki vah apne parivar ke bare mein itna kuch jaan jayega.","అతను నేరాన్ని దర్యాప్తు చేయాలని నిర్ణయించుకున్నప్పుడు, తన కుటుంబం గురించి ఇంత తెలుసుకుంటానని అతను ఊహించలేదు."
She’s headed to the Hockey Hall of Fame.,वह हॉकी हॉल ऑफ फेम जा रही है।,Vah hockey hall of fame ja rahi hai.,ఆమె హాకీ హాల్ ఆఫ్ ఫేమ్‌కు వెళ్తోంది.
There’s a good chance it’ll rain tomorrow.,कल बारिश होने की अच्छी संभावना है।,Kal barish hone ki achi sambhavna hai.,రేపు వర్షం పడే అవకాశం ఎక్కువగా ఉంది.
I like crawfish but oysters suck.,मुझे क्रॉफिश पसंद है लेकिन ऑयस्टर बिल्कुल बेकार हैं।,Mujhe crawfish pasand hai lekin oysters bilkul bekar hain.,నాకు క్రాఫిష్ అంటే ఇష్టం కానీ ఆయిస్టర్స్ అస్సలు బాగోవు.
That is not a pencil.,वह पेंसिल नहीं है।,Vah pencil nahi hai.,అది పెన్సిల్ కాదు.
Come on down.,नीचे आ जाओ।,Neeche aa jao.,క్రిందికి రండి.
Steve doesn't have to go if he doesn't want to.,अगर स्टीव नहीं जाना चाहता तो उसे जाने की ज़रूरत नहीं है।,Agar Steve nahi jaana chahta toh use jaane ki zaroorat nahi hai.,"స్టీవ్ వెళ్లకూడదు అనుకుంటే, అతను వెళ్లాల్సిన అవసరం లేదు."
They tore up the football field so they could develop the area for a new science wing.,उन्होंने फुटबॉल के मैदान को खोद दिया ताकि वे उस जगह को एक नए विज्ञान विभाग के लिए विकसित कर सकें।,Unhone football ke maidan ko khod diya taaki ve us jagah ko ek naye vigyan vibhag ke liye viksit kar sakein.,కొత్త సైన్స్ వింగ్ కోసం ఆ ప్రాంతాన్ని అభివృద్ధి చేయడానికి వారు ఫుట్‌బాల్ మైదానాన్ని తవ్వేశారు.
She mixed up the recipes and accidentally made a beef parfait.,उसने रेसिपीज़ मिला दीं और गलती से बीफ पारफे बना लिया।,Usne recipes mila di aur galti se beef parfait bana liya.,ఆమె రెసిపీలను తారుమారు చేసి పొరపాటున బీఫ్ పార్ఫే తయారు చేసింది.
Henderson started the American Communist's Club when they were in tenth grade.,हेंडरसन ने दसवीं कक्षा में अमेरिकन कम्युनिस्ट क्लब की शुरुआत की थी।,Henderson ne dasvi kaksha mein American Communist Club ki shuruat ki thi.,హెండర్సన్ పదో తరగతిలో ఉన్నప్పుడు అమెరికన్ కమ్యూనిస్ట్ క్లబ్‌ను ప్రారంభించాడు.
There is nothing about the situation I could relate to.,इस स्थिति में ऐसा कुछ भी नहीं है जिससे मैं खुद को जोड़ सकूँ।,Is sthiti mein aisa kuch bhi nahi hai jisse main khud ko jod sakun.,ఈ పరిస్థితిలో నేను దేనితోనూ సంబంధం కలిగి ఉండలేను.
They’ll keep its name and French identity.,वे इसका नाम और फ्रांसीसी पहचान बनाए रखेंगे।,Ve iska naam aur fransisi pehchan banaye rakhenge.,వారు దాని పేరును మరియు ఫ్రెంచ్ గుర్తింపును అలాగే ఉంచుతారు.
The park has a soccer field.,पार्क में एक सॉकर का मैदान है।,Park mein ek soccer ka maidan hai.,పార్కులో ఒక సాకర్ మైదానం ఉంది.
He often wished he was born in a time before social media.,वह अक्सर सोचता था कि काश उसका जन्म सोशल मीडिया से पहले के समय में हुआ होता।,Vah aksar sochta tha ki kaash uska janm social media se pehle ke samay mein hua hota.,సోషల్ మీడియా రాకముందు కాలంలో తాను పుట్టి ఉంటే బాగుండేదని అతను తరచుగా అనుకునేవాడు.
Anakin and Padme belong together.,एनाकिन और पैडमे एक-दूसरे के लिए बने हैं।,Anakin aur Padme ek-dusre ke liye bane hain.,అనాకిన్ మరియు పద్మే ఒకరికొకరు సరిపోతారు.
"She thought she wanted to be an editor, until she got a job and realized she hated detail work.","उसे लगा कि वह एक संपादक बनना चाहती है, जब तक कि उसे नौकरी नहीं मिली और उसे एहसास नहीं हुआ कि उसे बारीकियों वाला काम पसंद नहीं है।","Use laga ki vah ek sampadak banna chahti hai, jab tak ki use naukri nahi mili aur use ehsas nahi hua ki use barikiyon vala kaam pasand nahi hai.","ఆమెకు ఎడిటర్ కావాలని అనిపించింది, కానీ ఉద్యోగం వచ్చాక చిన్న చిన్న విషయాలపై దృష్టి పెట్టే పని తనకు నచ్చదని అర్థమైంది."
California is in America.,कैलिफोर्निया अमेरिका में है।,California America mein hai.,కాలిఫోర్నియా అమెరికాలో ఉంది.
We usually eat our biggest meal of the day at noon.,हम आमतौर पर दिन का अपना सबसे बड़ा भोजन दोपहर में करते हैं।,Hum aamtaur par din ka apna sabse bada bhojan dopahar mein karte hain.,మేము సాధారణంగా రోజులో ప్రధాన భోజనాన్ని మధ్యాహ్నమే తింటాము.
She had a water bottle with  a built-in water filter.,उसके पास एक पानी की बोतल थी जिसमें इन-बिल्ट वॉटर फिल्टर लगा था।,Uske paas ek paani ki botal thi jisme in-built water filter laga tha.,ఆమె దగ్గర వాటర్ ఫిల్టర్ ఉన్న వాటర్ బాటిల్ ఉంది.
Paying your rent is not your biggest worry.,किराया चुकाना आपकी सबसे बड़ी चिंता नहीं है।,Kiraya chukana aapki sabse badi chinta nahi hai.,అద్దె కట్టడం నీకు అతి పెద్ద సమస్య కాదు.
"Don’t be sad, you're going to the game.","उदास मत हो, तुम गेम देखने जा रहे हो।","Udas mat ho, tum game dekhne ja rahe ho.","బాధపడకు, నువ్వు గేమ్ చూడటానికి వెళ్తున్నావు."
"It had been so long since she had seen him, she actually had to check the yearbook to remember his last name.",उसे देखे हुए इतना समय हो गया था कि उसका अंतिम नाम याद रखने के लिए उसे वास्तव में ईयरबुक देखनी पड़ी।,Use dekhe hue itna samay ho gaya tha ki uska antim naam yaad rakhne ke liye use vastav mein yearbook dekhni padi.,"అతనిని చూసి చాలా కాలం కావడంతో, అతని ఇంటి పేరు గుర్తు తెచ్చుకోవడానికి ఆమె ఇయర్ బుక్ చూడాల్సి వచ్చింది."
She was convinced her father was a master chef.,उसे यकीन था कि उसके पिता एक मास्टर शेफ थे।,Use yakin tha ki uske pita ek master chef the.,తన తండ్రి ఒక మాస్టర్ చెఫ్ అని ఆమె బలంగా నమ్మింది.
"i really enjoyed meeting you guys and experiencing the other side of catering events, but the late hours and insufficient wages deterred me from continuing this job.","मुझे आप लोगों से मिलकर और कैटरिंग इवेंट्स के दूसरे पहलू का अनुभव करके बहुत अच्छा लगा, लेकिन देर रात तक काम करने और कम वेतन के कारण मैंने यह नौकरी जारी नहीं रखी।","Mujhe aap logon se milkar aur catering events ke dusre pehlu ka anubhav karke bahut achha laga, lekin der raat tak kaam karne aur kam vetan ke karan maine yeh naukri jaari nahi rakhi.","మీ అందరిని కలవడం మరియు క్యాటరింగ్ ఈవెంట్స్ యొక్క మరో కోణాన్ని అనుభవించడం నాకు చాలా నచ్చింది, కానీ రాత్రిపూట ఆలస్యంగా పని చేయడం మరియు తక్కువ జీతం కారణంగా నేను ఈ ఉద్యోగాన్ని కొనసాగించలేకపోయాను."
I am on a very tight budget.,मेरा बजट बहुत सीमित है।,Mera budget bahut seemit hai.,నా బడ్జెట్ చాలా తక్కువగా ఉంది.
The movie industry became a big business.,फिल्म उद्योग एक बड़ा व्यवसाय बन गया।,Film udyog ek bada vyavasay ban gaya.,సినిమా పరిశ్రమ ఒక పెద్ద వ్యాపారంగా మారింది.
Give me the big knife to cut the bread.,ब्रेड काटने के लिए मुझे बड़ा चाकू दो।,Bread katne ke liye mujhe bada chaku do.,బ్రెడ్ కోయడానికి నాకు పెద్ద కత్తిని ఇవ్వు.
I am looking for some pears.,मैं कुछ नाशपाती ढूंढ रहा हूँ।,Main kuch nashpati dhoondh raha hoon.,నేను కొన్ని బేరి పండ్ల కోసం వెతుకుతున్నాను.
My father is in the office.,मेरे पिताजी कार्यालय में हैं।,Mere pitaji karyalay mein hain.,మా నాన్న ఆఫీసులో ఉన్నారు.
I will take you to the movies only if you wait for me outside.,मैं तुम्हें फिल्म दिखाने तभी ले जाऊंगा अगर तुम बाहर मेरा इंतज़ार करोगे।,Main tumhein film dikhane tabhi le jaunga agar tum bahar mera intezar karoge.,నువ్వు బయట నా కోసం వేచి ఉంటేనే నేను నిన్ను సినిమాకి తీసుకెళ్తాను.
You have some schoolwork to do.,तुम्हें कुछ स्कूल का काम करना है।,Tumhein kuch school ka kaam karna hai.,నువ్వు స్కూల్ పని కొంత పూర్తి చేయాలి.
Maybe he was brokering a deal.,शायद वह कोई सौदा करवा रहा था।,Shayad vah koi sauda karva raha tha.,బహుశా అతను ఒక ఒప్పందాన్ని కుదుర్చుకుంటున్నాడు.
We are all in favor of this plan.,हम सभी इस योजना के पक्ष में हैं।,Hum sabhi is yojana ke paksh mein hain.,మేమందరం ఈ ప్రణాళికకు అనుకూలంగా ఉన్నాము.
It's the biggest house in the neighborhood.,यह पड़ोस का सबसे बड़ा घर है।,Yeh pados ka sabse bada ghar hai.,ఇది మా పరిసరాల్లోనే అతి పెద్ద ఇల్లు.
Tom forgot his shopping list and only got half of what he wanted to.,टॉम अपनी शॉपिंग लिस्ट भूल गया और उसे जो चाहिए था उसका आधा ही ला पाया।,Tom apni shopping list bhool gaya aur use jo chahiye tha uska aadha hi la paya.,"టామ్ తన షాపింగ్ లిస్ట్ మర్చిపోయాడు, అందుకే అతనికి కావాల్సిన వాటిలో సగం మాత్రమే తీసుకున్నాడు."
His appearance terrified her and she screamed.,उसका रूप देखकर वह डर गई और चिल्ला पड़ी।,Uska roop dekhkar vah dar gayi aur chilla padi.,అతని రూపం చూసి ఆమె భయపడి కేకలు వేసింది.
We have a long day tomorrow.,कल हमारा दिन बहुत व्यस्त रहने वाला है।,Kal hamara din bahut vyast rahne vala hai.,రేపు మాకు చాలా బిజీగా ఉండే రోజు.
He didn't know who to go as for Halloween.,उसे समझ नहीं आ रहा था कि हैलोवीन पर वह क्या बनकर जाए।,Use samajh nahi aa raha tha ki Halloween par vah kya bankar jaye.,హలోవీన్ కోసం తను ఏ వేషం వేయాలో అతనికి అర్థం కాలేదు.
Stand up straight.,सीधे खड़े हो जाओ।,Seedhe khade ho jao.,నేరుగా నిలబడు.
Don’t be nervous.,घबराओ मत।,Ghabrao mat.,కంగారు పడకు.
That is very nice of you to say.,यह कहकर आपने बहुत अच्छा किया।,Yeh kehkar aapne bahut achha kiya.,మీరు అలా అన్నందుకు చాలా సంతోషం.
"That's it, go to time-out.","बस बहुत हुआ, अब टाइम-आउट में जाओ।","Bas bahut hua, ab time-out mein jao.","ఇక చాలు, టైమ్-అవుట్‌కి వెళ్ళు."
The coach smiled at the player who tossed the frisbee.,कोच ने उस खिलाड़ी को देखकर मुस्कुराया जिसने फ्रिसबी फेंकी थी।,Coach ne us khiladi ko dekhkar muskuraya jisne frisbee phenki thi.,ఫ్రిస్బీని విసిరిన ఆటగాడిని చూసి కోచ్ నవ్వాడు.
I'm going to see a movie.,मैं फिल्म देखने जा रहा हूँ।,Main film dekhne ja raha hoon.,నేను సినిమా చూడటానికి వెళ్తున్నాను.
I don't know how to spell a lot of things.,मुझे बहुत सी चीजों की स्पेलिंग नहीं पता है।,Mujhe bahut si cheezon ki spelling nahi pata hai.,నాకు చాలా పదాల స్పెల్లింగ్ తెలియదు.
There are chips that I want in that vending machine.,उस वेंडिंग मशीन में चिप्स हैं जो मुझे चाहिए।,Us vending machine mein chips hain jo mujhe chahiye.,ఆ వెండింగ్ మెషీన్‌లో నాకు కావాల్సిన చిప్స్ ఉన్నాయి.
The cat jumped over the fence.,बिल्ली बाड़ के ऊपर से कूद गई।,Billi baad ke oopar se kood gayi.,పిల్లి కంచె పైనుంచి దూకింది.
I want to ask them when their big day is.,मैं उनसे पूछना चाहता हूँ कि उनका बड़ा दिन कब है।,Main unse poochhna chahta hoon ki unka bada din kab hai.,వారి పెద్ద రోజు ఎప్పుడో నేను వారిని అడగాలనుకుంటున్నాను.
My mom drove me to school fifteen minutes late on Tuesday.,मंगलवार को मेरी माँ मुझे पंद्रह मिनट देरी से स्कूल ले गईं।,Mangalwar ko meri maa mujhe pandrah minute deri se school le gayin.,మంగళవారం నాడు మా అమ్మ నన్ను పదిహేను నిమిషాలు ఆలస్యంగా స్కూలుకు తీసుకెళ్లారు.
There is nobody more powerful than someone who is extremely intelligent but also extremely humble.,"जो अत्यंत बुद्धिमान होने के साथ-साथ अत्यंत विनम्र भी हो, उससे अधिक शक्तिशाली कोई नहीं है।","Jo atyant buddhiman hone ke sath-sath atyant vinamra bhi ho, usse adhik shaktishali koi nahi hai.","అత్యంత తెలివైనవారై ఉండి, అంతే వినయంగా ఉండేవారి కంటే శక్తివంతులు ఎవరూ లేరు."
My brother’s dog barks a lot.,मेरे भाई का कुत्ता बहुत भौंकता है।,Mere bhai ka kutta bahut bhaunkta hai.,మా అన్నయ్య కుక్క చాలా మొరుగుతుంది.
The wind was strong today in the city.,आज शहर में हवा बहुत तेज़ थी।,Aaj shahar mein hawa bahut tez thi.,ఈరోజు నగరంలో గాలి చాలా బలంగా వీచింది.
My hat is cooler than Jim's.,मेरी टोपी जिम की टोपी से ज़्यादा अच्छी है।,Meri topi Jim ki topi se zyada achhi hai.,నా టోపీ జిమ్ టోపీ కంటే బాగుంది.
That is a great idea.,यह एक बेहतरीन विचार है।,Yeh ek behtareen vichar hai.,అది చాలా మంచి ఆలోచన.
I've got other problems.,मेरे पास और भी समस्याएँ हैं।,Mere paas aur bhi samasyaen hain.,నాకు ఇతర సమస్యలు ఉన్నాయి.
Sports is one outlet to let off steam.,खेल तनाव दूर करने का एक जरिया है।,Khel tanav door karne ka ek zariya hai.,ఒత్తిడిని తగ్గించుకోవడానికి క్రీడలు ఒక మార్గం.
I like the Wimbledon.,मुझे विंबलडन पसंद है।,Mujhe Wimbledon pasand hai.,నాకు వింబుల్డన్ అంటే ఇష్టం.
What a big house you have.,आपका घर कितना बड़ा है।,Aapka ghar kitna bada hai.,మీ ఇల్లు ఎంత పెద్దగా ఉంది.
Look at the blackboard.,ब्लैकबोर्ड की तरफ देखो।,Blackboard ki taraf dekho.,బ్లాక్ బోర్డు వైపు చూడండి.
You set me up and I don't appreciate it.,तुमने मुझे फँसाया है और मुझे यह बिल्कुल पसंद नहीं आया।,Tumne mujhe phansaya hai aur mujhe yeh bilkul pasand nahi aaya.,"నువ్వు నన్ను ఇరికించావు, అది నాకు అస్సలు నచ్చలేదు."
He didn't know where he was supposed to go for his interview.,उसे नहीं पता था कि उसे अपने इंटरव्यू के लिए कहाँ जाना है।,Use nahi pata tha ki use apne interview ke liye kahan jaana hai.,తన ఇంటర్వ్యూ కోసం ఎక్కడికి వెళ్లాలో అతనికి తెలియదు.
There was a big party at Tom's place last weekend.,पिछले सप्ताहांत टॉम के घर पर एक बड़ी पार्टी थी।,Pichle saptahant Tom ke ghar par ek badi party thi.,గత వారాంతంలో టామ్ ఇంట్లో పెద్ద పార్టీ జరిగింది.
She has a beautiful smile.,उसकी मुस्कान बहुत सुंदर है।,Uski muskaan bahut sundar hai.,ఆమె నవ్వు చాలా అందంగా ఉంటుంది.
The sirens went off in the middle of the night and woke us all up.,आधी रात में सायरन बजने लगे और हम सब जाग गए।,Aadhi raat mein siren bajne lage aur hum sab jaag gaye.,అర్ధరాత్రి సైరన్లు మోగడంతో మేమంతా నిద్రలేచాము.
"She wants to be stronger, even if that means being meaner.","वह और मजबूत बनना चाहती है, भले ही इसके लिए उसे कठोर ही क्यों न होना पड़े।","Vah aur majboot banna chahti hai, bhale hi iske liye use kathor hi kyon na hona pade.","ఆమె మరింత బలంగా ఉండాలనుకుంటోంది, ఒకవేళ అందుకు కఠినంగా మారాల్సి వచ్చినా సరే."
Skating is so much fun.,स्केटिंग करना बहुत मजेदार है।,Skating karna bahut mazedaar hai.,స్కేటింగ్ చేయడం చాలా సరదాగా ఉంటుంది.
"You can start from the basic stitches, and go from there.","आप बुनियादी टांकों से शुरुआत कर सकते हैं, और फिर आगे बढ़ सकते हैं।","Aap buniyaadi taankon se shuruat kar sakte hain, aur phir aage badh sakte hain.","మీరు ప్రాథమిక కుట్టులతో ప్రారంభించి, అక్కడి నుండి ముందుకు వెళ్ళవచ్చు."
The chocolate chip cookies smelled so good that I ate one without asking.,चॉकलेट चिप कुकीज़ से इतनी अच्छी खुशबू आ रही थी कि मैंने बिना पूछे ही एक खा ली।,Chocolate chip cookies se itni achhi khushboo aa rahi thi ki maine bina pooche hi ek kha li.,"చాక్లెట్ చిప్ కుకీల నుండి మంచి వాసన రావడంతో, నేను అడగకుండానే ఒకటి తినేశాను."
The earth is like a ball with a big magnet in it.,पृथ्वी एक गेंद की तरह है जिसके अंदर एक बड़ा चुंबक है।,Prithvi ek gend ki tarah hai jiske andar ek bada chumbak hai.,"భూమి ఒక బంతిలా ఉంటుంది, దాని లోపల ఒక పెద్ద అయస్కాంతం ఉంటుంది."
She was very tired and frustrated.,वह बहुत थकी हुई और परेशान थी।,Vah bahut thaki hui aur pareshan thi.,ఆమె చాలా అలసిపోయి మరియు విసుగ్గా ఉంది.
She started crying after she finished the song.,गाना खत्म करने के बाद वह रोने लगी।,Gaana khatam karne ke baad vah rone lagi.,పాట పాడటం పూర్తయ్యాక ఆమె ఏడవడం మొదలుపెట్టింది.
It was very disgusting what he did to that pool.,उसने उस पूल के साथ जो किया वह बहुत घिनौना था।,Usne us pool ke saath jo kiya vah bahut ghinauna tha.,అతను ఆ పూల్ తో చేసిన పని చాలా అసహ్యంగా ఉంది.
He hung a picture on the wall.,उसने दीवार पर एक तस्वीर टांगी।,Usne deewar par ek tasveer taangi.,అతను గోడపై ఒక చిత్రాన్ని వేలాడదీశాడు.
"I wonder if she dressed herself as hastily as we did: the room still dark, neither of us awake enough to remember to turn on the light switch, the echo of the telephone bells in our ears.","मुझे आश्चर्य है कि क्या उसने भी उतनी ही जल्दी कपड़े पहने जितनी जल्दी हमने पहने थे: कमरा अभी भी अंधेरे में था, हम दोनों में से कोई भी इतना जागा हुआ नहीं था कि लाइट का स्विच ऑन करना याद रहे, और कानों में टेलीफोन की घंटी की गूंज थी।","Mujhe aashcharya hai ki kya usne bhi utni hi jaldi kapde pehne jitni jaldi humne pehne the: kamra abhi bhi andhere mein tha, hum dono mein se koi bhi itna jaaga hua nahi tha ki light ka switch on karna yaad rahe, aur kaanon mein telephone ki ghanti ki goonj thi.","మేము ఎంత తొందరగా బట్టలు వేసుకున్నామో, ఆమె కూడా అంతే తొందరగా వేసుకుందో లేదో అని నాకు అనిపిస్తోంది: గది ఇంకా చీకటిగానే ఉంది, మా ఇద్దరికీ లైట్ స్విచ్ వేయాలనే స్పృహ కూడా లేదు, మా చెవుల్లో టెలిఫోన్ రింగ్ అవుతున్న శబ్దం వినిపిస్తోంది."
Europe is old.,यूरोप पुराना है।,Europe purana hai.,యూరప్ పాతది.
The taxes are included in the price.,कीमत में टैक्स शामिल हैं।,Keemat mein tax shamil hain.,ధరలో పన్నులు కలిసి ఉన్నాయి.
Tom is now looking for a bigger house to live in.,टॉम अब रहने के लिए एक बड़ा घर ढूंढ रहा है।,Tom ab rehne ke liye ek bada ghar dhoondh raha hai.,టామ్ ఇప్పుడు నివసించడానికి ఒక పెద్ద ఇల్లు వెతుకుతున్నాడు.
This carpet is big enough to cover the whole floor.,यह कालीन पूरे फर्श को ढकने के लिए काफी बड़ा है।,Yeh kaleen poore farsh ko dhakne ke liye kaafi bada hai.,ఈ తివాచీ మొత్తం నేలను కప్పడానికి సరిపడా పెద్దదిగా ఉంది.
You're pulling my leg.,तुम मेरा मज़ाक उड़ा रहे हो।,Tum mera mazak uda rahe ho.,నువ్వు నన్ను ఆటపట్టిస్తున్నావు.
Mrs. Lee’s class took a field trip to Austin.,मिसेज ली की क्लास ऑस्टिन के लिए फील्ड ट्रिप पर गई।,Mrs. Lee ki class Austin ke liye field trip par gayi.,మిసెస్ లీ తరగతి ఆస్టిన్‌కు విహారయాత్రకు వెళ్ళింది.
"On her birthday, she decided to skip work, and instead got on a plane to Wisconsin.","अपने जन्मदिन पर, उसने काम पर न जाने का फैसला किया और इसके बजाय विस्कॉन्सिन के लिए विमान में बैठ गई।","Apne janmdin par, usne kaam par na jaane ka faisla kiya aur iske bajaye Wisconsin ke liye vimaan mein baith gayi.","తన పుట్టినరోజున, ఆమె పనికి వెళ్లకూడదని నిర్ణయించుకుని, దానికి బదులుగా విస్కాన్సిన్ వెళ్లే విమానం ఎక్కింది."
He got a fantastic performance review.,उसे एक शानदार परफॉरमेंस रिव्यू मिला।,Use ek shaandaar performance review mila.,అతనికి అద్భుతమైన పనితీరు సమీక్ష లభించింది.
He’s a bit tipsy.,उसे थोड़ा नशा हो गया है।,Use thoda nasha ho gaya hai.,అతనికి కొంచెం మత్తుగా ఉంది.
A skirt can be fancier than jeans.,स्कर्ट जींस से ज्यादा फैंसी हो सकती है।,Skirt jeans se zyada fancy ho sakti hai.,జీన్స్ కంటే స్కర్ట్ మరింత ఫ్యాన్సీగా ఉండవచ్చు.
The key he was interested in was very old.,"वह चाबी जिसमें उसकी दिलचस्पी थी, बहुत पुरानी थी।","Vah chaabi jisme uski dilchaspi thi, bahut purani thi.",అతనికి ఆసక్తి ఉన్న తాళం చెవి చాలా పాతది.
I'm taking a break from work.,मैं काम से थोड़ा ब्रेक ले रहा हूँ।,Main kaam se thoda break le raha hoon.,నేను పని నుండి విరామం తీసుకుంటున్నాను.
You're already big enough to do it by yourself.,तुम इतने बड़े हो गए हो कि इसे खुद कर सकते हो।,Tum itne bade ho gaye ho ki ise khud kar sakte ho.,నువ్వు దీన్ని సొంతంగా చేసుకునేంత పెద్దవాడివి అయ్యావు.
"Last weekend, she wanted to go to the wedding, but she wasn't sure it was safe.","पिछले सप्ताहांत, वह शादी में जाना चाहती थी, लेकिन उसे यकीन नहीं था कि यह सुरक्षित है।","Pichhle saptahant, vah shaadi mein jaana chahti thi, lekin use yakeen nahi tha ki yeh surakshit hai.","గత వారాంతంలో, ఆమె పెళ్లికి వెళ్లాలనుకుంది, కానీ అది సురక్షితమో కాదో అని ఆమెకు నమ్మకం లేదు."
Your reputation as an eccentric will rapidly grow in the neighborhood if you’re seen walking a pet ostrich on a leash every morning.,"अगर आप हर सुबह पालतू शुतुरमुर्ग को पट्टे पर घुमाते हुए देखे गए, तो पड़ोस में एक सनकी के रूप में आपकी प्रतिष्ठा तेजी से बढ़ेगी।","Agar aap har subah paaltu shuturmurg ko patte par ghumate hue dekhe gaye, toh pados mein ek sanki ke roop mein aapki pratishtha tezi se badhegi.","ప్రతిరోజూ ఉదయం మీరు పెంపుడు ఉష్ట్రపక్షిని గొలుసుతో నడిపిస్తూ కనిపిస్తే, మీ పొరుగువారిలో మీరు వింత మనిషి అనే పేరు త్వరగా వచ్చేస్తుంది."
She was always worried that everyone secretly hated her.,उसे हमेशा चिंता रहती थी कि हर कोई गुप्त रूप से उससे नफरत करता है।,Use hamesha chinta rehti thi ki har koi gupt roop se usse nafrat karta hai.,ప్రతి ఒక్కరూ రహస్యంగా తనను ద్వేషిస్తున్నారని ఆమె ఎప్పుడూ ఆందోళన చెందేది.
My German vocabulary list is up to two thousand words now.,मेरी जर्मन शब्दावली सूची अब दो हजार शब्दों तक पहुँच गई है।,Meri German shabdavali soochi ab do hazaar shabdon tak pahunch gayi hai.,నా జర్మన్ పదజాలం జాబితా ఇప్పుడు రెండు వేల పదాలకు చేరుకుంది.
The chickens were running around and pecking worms out of the ground.,मुर्गियाँ इधर-उधर दौड़ रही थीं और जमीन से कीड़े चुग रही थीं।,Murgiyan idhar-udhar daud rahi thin aur zameen se keede chug rahi thin.,కోళ్లు అటు ఇటు తిరుగుతూ నేల నుండి పురుగులను ఏరుకు తింటున్నాయి.
She’s the absolute best.,वह सबसे बेहतरीन है।,Vah sabse behtareen hai.,ఆమె నిజంగా చాలా గొప్పది.
This big sofa is really not suitable for a small room.,यह बड़ा सोफा वास्तव में एक छोटे कमरे के लिए उपयुक्त नहीं है।,Yeh bada sofa vastav mein ek chhote kamre ke liye upyukt nahi hai.,ఈ పెద్ద సోఫా చిన్న గదికి అస్సలు సరిపోదు.
There've been some big changes made around here recently.,हाल ही में यहाँ कुछ बड़े बदलाव किए गए हैं।,Haal hi mein yahan kuch bade badlav kiye gaye hain.,ఇటీవల ఇక్కడ కొన్ని పెద్ద మార్పులు జరిగాయి.
Moving to the next step is daunting.,अगले कदम पर जाना चुनौतीपूर्ण है।,Agle kadam par jaana chunautipurn hai.,తదుపరి అడుగు వేయడం భయానకంగా ఉంటుంది.
He does laundry in his basement.,वह अपने बेसमेंट में कपड़े धोता है।,Vah apne basement mein kapde dhota hai.,అతను తన బేస్‌మెంట్‌లో బట్టలు ఉతుకుతాడు.
Plenty of sleep is healthful.,भरपूर नींद सेहत के लिए अच्छी होती है।,Bharpoor neend sehat ke liye achhi hoti hai.,నిండుగా నిద్రపోవడం ఆరోగ్యకరం.
Most big Japanese firms depend on exports.,ज्यादातर बड़ी जापानी कंपनियां निर्यात पर निर्भर हैं।,Zyadatar badi Japani companiyan niryat par nirbhar hain.,చాలా పెద్ద జపనీస్ సంస్థలు ఎగుమతులపై ఆధారపడి ఉంటాయి.
I can’t make up my mind.,मैं कोई फैसला नहीं कर पा रहा हूँ।,Main koi faisla nahi kar pa raha hoon.,నేను నిర్ణయం తీసుకోలేకపోతున్నాను.
The sponge absorbed the water quicker than the towel.,स्पंज ने तौलिये की तुलना में पानी जल्दी सोख लिया।,Sponge ne tauliye ki tulna mein paani jaldi sokh liya.,టవల్ కంటే స్పాంజ్ నీటిని త్వరగా పీల్చుకుంది.
My big brother shared his cake with me.,मेरे बड़े भाई ने अपना केक मेरे साथ साझा किया।,Mere bade bhai ne apna cake mere saath sajha kiya.,మా అన్నయ్య తన కేక్‌ను నాతో పంచుకున్నాడు.
Those pants are too tight.,वे पैंट बहुत तंग हैं।,Ve pant bahut tang hain.,ఆ ప్యాంటు చాలా బిగుతుగా ఉంది.
"I was scared to go to a monster movie, but my dad said he would sit with me, so we went last night.","मुझे मॉन्स्टर फिल्म देखने में डर लग रहा था, लेकिन मेरे पिताजी ने कहा कि वह मेरे साथ बैठेंगे, इसलिए हम कल रात गए।","Mujhe monster film dekhne mein darr lag raha tha, lekin mere pitaji ne kaha ki vah mere saath baithenge, isliye hum kal raat gaye.","నేను మాన్స్టర్ సినిమాకి వెళ్లాలంటే భయపడ్డాను, కానీ మా నాన్న నాతో కూర్చుంటానని చెప్పారు, అందుకే మేము నిన్న రాత్రి వెళ్ళాము."
I've got too much work to do.,मेरे पास करने के लिए बहुत सारा काम है।,Mere paas karne ke liye bahut saara kaam hai.,నాకు చేయడానికి చాలా పని ఉంది.
Sarah will throw a big party with a lot of music.,सारा बहुत सारे संगीत के साथ एक बड़ी पार्टी देगी।,Sarah bahut saare sangeet ke saath ek badi party degi.,సారా చాలా సంగీతంతో ఒక పెద్ద పార్టీని ఇస్తుంది.
I think I can hear a baby crying.,मुझे लगता है कि मैं एक बच्चे के रोने की आवाज़ सुन सकता हूँ।,Mujhe lagta hai ki main ek bachche ke rone ki aawaz sun sakta hoon.,ఒక చిన్న పిల్లాడు ఏడుస్తున్న శబ్దం నాకు వినిపిస్తోందని అనుకుంటున్నాను.
They wrote the specials on the chalkboard in multi-colored chalks.,उन्होंने चॉकबोर्ड पर रंग-बिरंगी खड़िया से विशेष व्यंजन लिखे।,Unhone chalkboard par rang-birangi khadiya se vishesh vyanjan likhe.,వారు చాక్ బోర్డు మీద రంగురంగుల చాక్ పీసులతో ప్రత్యేక వంటకాలను రాశారు.
It is all going to be all right.,सब कुछ ठीक हो जाएगा।,Sab kuch theek ho jayega.,అంతా బాగుంటుంది.
We would move to a nicer house if we had more money.,अगर हमारे पास और पैसे होते तो हम एक बेहतर घर में चले जाते।,Agar hamare paas aur paise hote toh hum ek behtar ghar mein chale jaate.,"మా దగ్గర ఎక్కువ డబ్బు ఉంటే, మేము మంచి ఇంటికి మారేవాళ్ళం."
We can go to the museum.,हम संग्रहालय जा सकते हैं।,Hum sangrahalaya ja sakte hain.,మనం మ్యూజియంకు వెళ్ళవచ్చు.
A lovely day isn't it.,"कितना प्यारा दिन है, है ना?","Kitna pyaara din hai, hai na?",చాలా బాగున్న రోజు కదా ఇది.
Ken's uncle has a chicken farm.,केन के चाचा का एक चिकन फार्म है।,Ken ke chacha ka ek chicken farm hai.,కెన్ మామయ్యకు ఒక కోళ్ల ఫారం ఉంది.
We've been making this recipe for generations.,हम पीढ़ियों से यह रेसिपी बना रहे हैं।,Hum peedhiyon se yeh recipe bana rahe hain.,మేము తరతరాలుగా ఈ వంటకాన్ని తయారు చేస్తున్నాము.
I was so mad that I yelled at him at the top of my lungs.,मैं इतना गुस्से में था कि मैंने पूरी ताकत से उस पर चिल्लाया।,Main itna gusse mein tha ki maine poori taakat se us par chillaya.,"నేను చాలా కోపంగా ఉన్నాను, అందుకే గట్టిగా అరిచాను."
Your stance tells me.,आपका नज़रिया मुझे सब बता देता है।,Aapka nazariya mujhe sab bata deta hai.,నీ వైఖరి నాకు చెబుతోంది.
You can decide before your flight here on Thursday morning.,आप गुरुवार सुबह यहाँ अपनी उड़ान से पहले निर्णय ले सकते हैं।,Aap guruvar subah yahan apni udaan se pehle nirnay le sakte hain.,గురువారం ఉదయం మీ విమానానికి ముందే మీరు నిర్ణయం తీసుకోవచ్చు.
Mr. Smith thinks that he's the best.,मिस्टर स्मिथ को लगता है कि वह सबसे बेहतर हैं।,Mr. Smith ko lagta hai ki vah sabse behtar hain.,మిస్టర్ స్మిత్ తాను అందరికంటే గొప్పవాడినని అనుకుంటున్నారు.
I was excited to spend time with my wife without being interrupted by kids.,मैं बच्चों के दखल के बिना अपनी पत्नी के साथ समय बिताने के लिए उत्साहित था।,Main bachchon ke dakhal ke bina apni patni ke saath samay bitane ke liye utsaahit tha.,పిల్లల అంతరాయం లేకుండా నా భార్యతో సమయం గడపడానికి నేను చాలా ఉత్సాహంగా ఉన్నాను.
We will make a snowman this winter.,हम इस सर्दी में स्नोमैन बनाएंगे।,Hum is sardi mein snowman banayenge.,ఈ చలికాలంలో మనం మంచు మనిషిని (స్నోమ్యాన్) తయారు చేద్దాం.
Blood is thicker than water.,खून के रिश्ते पानी से ज्यादा गहरे होते हैं।,Khoon ke rishte paani se zyada gehre hote hain.,రక్త సంబంధాలు నీటి కంటే బలమైనవి.
The snake in the grass made me jump.,घास में छिपे सांप ने मुझे चौंका दिया।,Ghaas mein chhipe saanp ne mujhe chaunka diya.,గడ్డిలో ఉన్న పాము నన్ను ఉలిక్కిపడేలా చేసింది.
You're making a big fuss about nothing.,तुम बिना बात के इतना हंगामा कर रहे हो।,Tum bina baat ke itna hungama kar rahe ho.,ఏమీ లేని విషయానికి నువ్వు అనవసరంగా రాద్ధాంతం చేస్తున్నావు.
It was raining so badly that she skidded on the pavement.,इतनी तेज़ बारिश हो रही थी कि वह फुटपाथ पर फिसल गई।,Itni tez baarish ho rahi thi ki vah footpath par phisal gayi.,వర్షం చాలా బలంగా పడుతుండటంతో ఆమె ఫుట్‌పాత్‌పై జారిపడింది.
Good heavens you’ve grown.,"हे भगवान, तुम कितने बड़े हो गए हो।","Hey bhagwan, tum kitne bade ho gaye ho.","అబ్బో, నువ్వు ఎంత ఎదిగిపోయావు."
I broke my phone.,मैंने अपना फ़ोन तोड़ दिया।,Maine apna phone tod diya.,నేను నా ఫోన్‌ను పగలగొట్టాను.
I wouldn’t bet on going to the fair today.,मैं आज मेले में जाने की उम्मीद नहीं करूँगा।,Main aaj mele mein jaane ki ummeed nahi karunga.,నేను ఈరోజు సంతకు వెళ్లగలనని అనుకోవడం లేదు.
The White House is important.,व्हाइट हाउस महत्वपूर्ण है।,White House mahatvapurn hai.,వైట్ హౌస్ చాలా ముఖ్యమైనది.
I am a football fan.,मैं फुटबॉल का प्रशंसक हूँ।,Main football ka prashansak hoon.,నేను ఫుట్‌బాల్ అభిమానిని.
I am going to make my bed first.,मैं पहले अपना बिस्तर ठीक करूँगा।,Main pehle apna bistar theek karunga.,నేను ముందు నా పడకను సర్దుకుంటాను.
He wished that time would pass faster.,उसने कामना की कि समय जल्दी बीत जाए।,Usne kaamna ki ki samay jaldi beet jaaye.,సమయం త్వరగా గడిచిపోవాలని అతను కోరుకున్నాడు.
She was scared by the earthquake.,वह भूकंप से डर गई थी।,Vah bhookamp se dar gayi thi.,భూకంపం చూసి ఆమె భయపడింది.
"He was very excited to see her, after two months away.","दो महीने दूर रहने के बाद, उसे देखकर वह बहुत उत्साहित था।","Do mahine door rehne ke baad, use dekhkar vah bahut utsaahit tha.",రెండు నెలల తర్వాత ఆమెను చూసి అతను చాలా ఉత్సాహంగా ఉన్నాడు.
The Communists are considered bad because they failed in carrying out their ideal of ending inequality.,साम्यवादियों को बुरा माना जाता है क्योंकि वे असमानता को खत्म करने के अपने आदर्श को पूरा करने में विफल रहे।,Saamyavadiyon ko bura maana jaata hai kyonki ve asamaanta ko khatm karne ke apne aadarsh ko poora karne mein vifal rahe.,"కమ్యూనిస్టులు చెడ్డవారిగా పరిగణించబడతారు, ఎందుకంటే వారు అసమానతలను అంతం చేయాలనే తమ ఆదర్శాన్ని అమలు చేయడంలో విఫలమయ్యారు."
I prefer to go rather than to stay.,मैं रुकने के बजाय जाना पसंद करूँगा।,Main rukne ke bajay jaana pasand karunga.,నేను ఉండటం కంటే వెళ్లడానికే ఇష్టపడతాను.
Bigger doesn't always mean better.,बड़ा हमेशा बेहतर नहीं होता।,Bada hamesha behtar nahi hota.,పెద్దది అంటే ఎప్పుడూ మంచిది అని కాదు.
"When she got her new ID, they hole-punched her old one.","जब उसे अपना नया आईडी मिला, तो उन्होंने उसके पुराने आईडी में छेद कर दिया।","Jab use apna naya ID mila, toh unhone uske purane ID mein chhed kar diya.","ఆమెకు కొత్త ఐడి వచ్చినప్పుడు, పాత ఐడిని వారు రంధ్రం చేశారు."
"Today is Sunday, which means tomorrow is Monday and yesterday was Saturday.","आज रविवार है, जिसका मतलब है कि कल सोमवार है और कल शनिवार था।","Aaj ravivar hai, jiska matlab hai ki kal somvar hai aur kal shanivar tha.","ఈరోజు ఆదివారం, అంటే రేపు సోమవారం మరియు నిన్న శనివారం."
She graduated high school in 2003.,उसने 2003 में हाई स्कूल पास किया।,Usne 2003 mein high school paas kiya.,ఆమె 2003లో హైస్కూల్ పూర్తి చేసింది.
"I thought I wanted to work in an office, but now I'm not so sure.","मुझे लगा था कि मैं ऑफिस में काम करना चाहता हूँ, लेकिन अब मुझे पक्का नहीं पता।","Mujhe laga tha ki main office mein kaam karna chahta hoon, lekin ab mujhe pakka nahi pata.","నేను ఆఫీసులో పని చేయాలనుకున్నాను, కానీ ఇప్పుడు నాకు అంత నమ్మకం లేదు."
Cry all you want.,जितना रोना है रो लो।,Jitna rona hai ro lo.,నీకు ఎంత ఏడవాలో అంత ఏడువు.
She didn't know if it was an ethical issue that she wasn't disclosing certain information.,उसे नहीं पता था कि क्या कुछ जानकारी न बताना एक नैतिक मुद्दा है।,Use nahi pata tha ki kya kuch jaankari na batana ek naitik mudda hai.,ఆమె కొన్ని విషయాలను వెల్లడించకపోవడం నైతిక సమస్య అవునో కాదో ఆమెకు తెలియదు.
His mom was so upset that he knew he couldn't tell her the truth.,उसकी माँ इतनी परेशान थी कि उसे पता था कि वह उन्हें सच नहीं बता सकता।,Uski maa itni pareshan thi ki use pata tha ki vah unhe sach nahi bata sakta.,"అతని తల్లి చాలా బాధపడటంతో, ఆమెకు నిజం చెప్పలేనని అతనికి అర్థమైంది."
He has quite a few friends.,उसके काफी दोस्त हैं।,Uske kaafi dost hain.,అతనికి చాలా మంది స్నేహితులు ఉన్నారు.
You're making the biggest mistake of your life.,तुम अपनी जिंदगी की सबसे बड़ी गलती कर रहे हो।,Tum apni zindagi ki sabse badi galti kar rahe ho.,నువ్వు నీ జీవితంలో అతి పెద్ద తప్పు చేస్తున్నావు.
Michael doesn’t work.,माइकल काम नहीं करता है।,Michael kaam nahi karta hai.,మైఖేల్ పని చేయడు.
I have a feeling that something big is about to happen.,मुझे लग रहा है कि कुछ बड़ा होने वाला है।,Mujhe lag raha hai ki kuch bada hone wala hai.,ఏదో పెద్దది జరగబోతోందని నాకు అనిపిస్తోంది.
She often exaggerates certain events to sound cool.,वह कूल दिखने के लिए अक्सर कुछ घटनाओं को बढ़ा-चढ़ाकर बताती है।,Vah cool dikhne ke liye aksar kuch ghatnaon ko badha-chadhakar batati hai.,ఆమె కూల్‌గా కనిపించడానికి కొన్ని విషయాలను తరచుగా అతిశయోక్తిగా చెబుతుంది.
The volume was up too high on the television.,टेलीविजन पर आवाज़ बहुत तेज़ थी।,Television par aawaz bahut tez thi.,టెలివిజన్‌లో వాల్యూమ్ చాలా ఎక్కువగా ఉంది.
This is the biggest bookstore in town.,यह शहर की सबसे बड़ी किताबों की दुकान है।,Yeh shahar ki sabse badi kitabon ki dukan hai.,ఇది నగరంలోనే అతిపెద్ద పుస్తకాల దుకాణం.
He is bigger than all the other boys.,वह बाकी सभी लड़कों से बड़ा है।,Vah baki sabhi ladkon se bada hai.,అతను మిగిలిన అబ్బాయిలందరి కంటే పెద్దవాడు.
I was so thirsty I couldn't wait to get a drink of water.,मुझे इतनी प्यास लगी थी कि मैं पानी पीने के लिए इंतज़ार नहीं कर सका।,Mujhe itni pyaas lagi thi ki main paani peene ke liye intezar nahi kar saka.,"నాకు చాలా దాహంగా ఉంది, నీళ్లు తాగే వరకు నేను ఆగలేకపోయాను."
He writes meaningless letters.,वह अर्थहीन पत्र लिखता है।,Vah arthheen patra likhta hai.,అతను అర్థం లేని ఉత్తరాలు రాస్తాడు.
"He didn't want to go to the party, but he had already said he would go.","वह पार्टी में नहीं जाना चाहता था, लेकिन उसने पहले ही कह दिया था कि वह जाएगा।","Vah party mein nahi jana chahta tha, lekin usne pehle hi keh diya tha ki vah jayega.","అతనికి పార్టీకి వెళ్లడం ఇష్టం లేదు, కానీ వెళ్తానని ముందే చెప్పేశాడు."
Tom is taller than you are.,टॉम तुमसे लंबा है।,Tom tumse lamba hai.,టామ్ నీకంటే పొడవుగా ఉన్నాడు.
She is with another man.,वह किसी और आदमी के साथ है।,Vah kisi aur aadmi ke saath hai.,ఆమె మరొక వ్యక్తితో ఉంది.
You must have a huge family.,तुम्हारा परिवार बहुत बड़ा होगा।,Tumhara parivar bahut bada hoga.,మీకు చాలా పెద్ద కుటుంబం ఉండి ఉంటుంది.
I like cucumbers and olives.,मुझे खीरे और जैतून पसंद हैं।,Mujhe kheere aur jaitoon pasand hain.,నాకు దోసకాయలు మరియు ఆలివ్లు అంటే ఇష్టం.
We have a big oak tree in our backyard.,हमारे घर के पिछले हिस्से में एक बड़ा ओक का पेड़ है।,Hamare ghar ke pichle hisse mein ek bada oak ka ped hai.,మా ఇంటి పెరట్లో ఒక పెద్ద ఓక్ చెట్టు ఉంది.
Bad news travels fast.,बुरी खबर जल्दी फैलती है।,Buri khabar jaldi phailti hai.,చెడు వార్తలు త్వరగా వ్యాపిస్తాయి.
One of the big issues in the campaign was taxes.,अभियान के बड़े मुद्दों में से एक कर था।,Abhiyan ke bade muddon mein se ek kar tha.,ప్రచారంలోని ప్రధాన సమస్యలలో పన్నులు ఒకటి.
Tragedy brings hope.,त्रासदी उम्मीद लाती है।,Trasadi ummeed lati hai.,విషాదం ఆశను కలిగిస్తుంది.
He asked if she wanted room for cream in her coffee.,उसने पूछा कि क्या वह अपनी कॉफी में क्रीम के लिए जगह चाहती है।,Usne poochha ki kya vah apni coffee mein cream ke liye jagah chahti hai.,ఆమె కాఫీలో క్రీమ్ వేసుకోవడానికి ఖాళీ కావాలా అని అతను అడిగాడు.
They will arrive in half an hour.,वे आधे घंटे में पहुँच जाएंगे।,Ve aadhe ghante mein pahunch jayenge.,వారు అరగంటలో చేరుకుంటారు.
She was determined to summit Mount Everest before she turned twenty-nine.,उसने उनतीस साल की होने से पहले माउंट एवरेस्ट पर चढ़ने का संकल्प लिया था।,Usne untees saal ki hone se pehle Mount Everest par chadhne ka sankalp liya tha.,ఆమె ఇరవై తొమ్మిదేళ్లు నిండకముందే మౌంట్ ఎవరెస్ట్ అధిరోహించాలని నిర్ణయించుకుంది.
I was thinking of going round your place.,मैं तुम्हारे घर आने के बारे में सोच रहा था।,Main tumhare ghar aane ke bare mein soch raha tha.,నేను మీ ఇంటికి రావాలని అనుకుంటున్నాను.
I love eating toasted cheese and tuna sandwiches.,मुझे टोस्टेड चीज़ और टूना सैंडविच खाना बहुत पसंद है।,Mujhe toasted cheese aur tuna sandwich khana bahut pasand hai.,నాకు టోస్టెడ్ చీజ్ మరియు ట్యూనా శాండ్‌విచ్‌లు తినడం చాలా ఇష్టం.
If you like tuna and tomato sauce- try combining the two. It’s really not as bad as it sounds.,"अगर आपको टूना और टोमैटो सॉस पसंद है, तो दोनों को मिलाकर देखें। यह सुनने में जितना बुरा लगता है, असल में उतना बुरा नहीं है।","Agar aapko tuna aur tomato sauce pasand hai, toh dono ko milakar dekhein. Yeh sunne mein jitna bura lagta hai, asal mein utna bura nahi hai.","మీకు ట్యూనా మరియు టొమాటో సాస్ నచ్చితే, రెండింటినీ కలిపి చూడండి. ఇది వినడానికి ఎలా అనిపించినా, నిజానికి అంత చెడ్డగా ఉండదు."
Someone I know recently combined Maple Syrup & buttered Popcorn thinking it would taste like caramel popcorn. It didn’t and they don’t recommend anyone else do it either.,मेरे किसी परिचित ने हाल ही में मेपल सिरप और बटर वाले पॉपकॉर्न को यह सोचकर मिलाया कि इसका स्वाद कारमेल पॉपकॉर्न जैसा होगा। ऐसा नहीं हुआ और वे किसी और को भी ऐसा करने की सलाह नहीं देते।,Mere kisi parichit ne haal hi mein maple syrup aur butter wale popcorn ko yeh sochkar milaya ki iska swaad caramel popcorn jaisa hoga. Aisa nahi hua aur ve kisi aur ko bhi aisa karne ki salah nahi dete.,"నాకు తెలిసిన ఒక వ్యక్తి ఇటీవల మేపుల్ సిరప్ మరియు బట్టర్ పాప్‌కార్న్‌ను కలిపారు, అది కారామెల్ పాప్‌కార్న్ లాగా ఉంటుందని అనుకున్నారు. కానీ అలా జరగలేదు, కాబట్టి వారు ఎవరికీ అలా చేయమని సిఫార్సు చేయరు."
"Sometimes, all you need to do is completely make an ass of yourself and laugh it off to realise that life isn’t so bad after all.","कभी-कभी, आपको बस खुद का मजाक बनवाना होता है और उस पर हंस देना होता है, यह महसूस करने के लिए कि जीवन इतना भी बुरा नहीं है।","Kabhi-kabhi, aapko bas khud ka mazak banwana hota hai aur us par hans dena hota hai, yeh mehsoos karne ke liye ki jeevan itna bhi bura nahi hai.","కొన్నిసార్లు, జీవితం అంత చెడ్డది కాదని గ్రహించడానికి, మీరు మీపై మీరే నవ్వుకోవడం మరియు ఇతరుల ముందు నవ్వులపాలు కావడం అవసరం."
When I was little I had a car door slammed shut on my hand and I still remember it quite vividly.,"जब मैं छोटा था, तो मेरे हाथ पर कार का दरवाजा जोर से बंद हो गया था और मुझे वह अभी भी अच्छी तरह याद है।","Jab main chhota tha, toh mere haath par car ka darwaza zor se band ho gaya tha aur mujhe woh abhi bhi achi tarah yaad hai.","నేను చిన్నప్పుడు నా చేతిపై కారు తలుపు బలంగా మూసుకుపోయింది, అది నాకు ఇప్పటికీ స్పష్టంగా గుర్తుంది."
The clock within this blog and the clock on my laptop are 1 hour different from each other.,इस ब्लॉग की घड़ी और मेरे लैपटॉप की घड़ी में 1 घंटे का अंतर है।,Is blog ki ghadi aur mere laptop ki ghadi mein 1 ghante ka antar hai.,ఈ బ్లాగ్‌లోని గడియారానికి మరియు నా ల్యాప్‌టాప్‌లోని గడియారానికి ఒక గంట తేడా ఉంది.
They were excited to see their first sloth.,वे अपना पहला स्लॉथ देखकर बहुत उत्साहित थे।,Ve apna pehla sloth dekhkar bahut utsaahit the.,వారు తమ మొదటి స్లాత్‌ను చూసి చాలా ఉత్సాహంగా ఉన్నారు.
The wake behind the boat told of the past while the open sea for told life in the unknown future.,"नाव के पीछे की लहरें अतीत की कहानी कह रही थीं, जबकि खुला समुद्र अज्ञात भविष्य के जीवन का संकेत दे रहा था।","Naav ke peeche ki lehrein ateet ki kahani keh rahi thi, jabki khula samudra agyaat bhavishya ke jeevan ka sanket de raha tha.","పడవ వెనుక ఉన్న అలలు గతాన్ని తెలియజేస్తుంటే, విశాలమైన సముద్రం తెలియని భవిష్యత్తులో జీవితాన్ని సూచిస్తోంది."
Even though he thought the world was flat he didn’t see the irony of wanting to travel around the world.,"भले ही वह सोचता था कि दुनिया चपटी है, लेकिन उसे दुनिया भर में यात्रा करने की इच्छा रखने में कोई विडंबना नजर नहीं आई।","Bhale hi woh sochta tha ki duniya chapti hai, lekin use duniya bhar mein yatra karne ki ichha rakhne mein koi vidambana nazar nahi aayi.","ప్రపంచం చదునుగా ఉందని అతను అనుకున్నప్పటికీ, ప్రపంచవ్యాప్తంగా ప్రయాణించాలనుకోవడంలో ఉన్న విరోధాభాసాన్ని అతను గమనించలేదు."
He wondered if it could be called a beach if there was no sand.,वह सोच रहा था कि क्या इसे समुद्र तट कहा जा सकता है यदि वहाँ रेत न हो।,Vah soch raha tha ki kya ise samudra tat kaha ja sakta hai yadi vahan ret na ho.,అక్కడ ఇసుక లేకపోతే దానిని బీచ్ అని పిలవవచ్చా అని అతను ఆలోచించాడు.
"Thigh-high in the water, the fisherman’s hope for dinner soon turned to despair.",पानी में जांघ तक खड़े मछुआरे की रात के खाने की उम्मीद जल्द ही निराशा में बदल गई।,Paani mein jaangh tak khade machuare ki raat ke khaane ki ummeed jald hi nirasha mein badal gayi.,నీటిలో తొడల వరకు నిలబడిన జాలరి యొక్క రాత్రి భోజన ఆశ త్వరలోనే నిరాశగా మారింది.
Combines are no longer just for farms.,कंबाइन अब केवल खेतों के लिए नहीं हैं।,Combine ab keval kheton ke liye nahin hain.,కంబైన్లు ఇప్పుడు కేవలం పొలాలకు మాత్రమే పరిమితం కాదు.
The small white buoys marked the location of hundreds of crab pots.,छोटी सफेद बॉयज ने सैकड़ों केकड़ा बर्तनों के स्थान को चिह्नित किया।,Chhoti safed buoys ne saikdon kekda bartanon ke sthan ko chihnit kiya.,చిన్న తెల్లని బూయీలు వందలాది పీతల బుట్టల స్థానాన్ని సూచించాయి.
The snow-covered path was no help in finding his way out of the back-country.,बर्फ से ढका रास्ता उसे बैक-कंट्री से बाहर निकलने का रास्ता खोजने में कोई मदद नहीं कर रहा था।,Barf se dhaka rasta use back-country se bahar nikalne ka rasta khojne mein koi madad nahin kar raha tha.,"మంచుతో కప్పబడిన దారి, అతను ఆ అడవి ప్రాంతం నుండి బయటపడటానికి ఏమాత్రం సహాయపడలేదు."
The waitress was not amused when he ordered green eggs and ham.,जब उसने हरे अंडे और हैम का ऑर्डर दिया तो वेट्रेस को यह बिल्कुल पसंद नहीं आया।,Jab usne hare ande aur ham ka order diya to waitress ko yah bilkul pasand nahin aaya.,అతను గ్రీన్ ఎగ్స్ మరియు హామ్ ఆర్డర్ చేసినప్పుడు వెయిట్రెస్ అస్సలు సంతోషించలేదు.
"Buried deep in the snow, he hoped his batteries were fresh in his avalanche beacon.","बर्फ में गहराई से दबे हुए, उसने उम्मीद की कि उसके हिमस्खलन बीकन में बैटरी ताज़ा होगी।","Barf mein gehrai se dabe hue, usne ummeed ki ki uske himskhalan beacon mein battery taaza hogi.","మంచులో లోతుగా కూరుకుపోయిన అతను, తన అవలాంచ్ బీకన్‌లోని బ్యాటరీలు కొత్తవి కావాలని ఆశించాడు."
Courage and stupidity were all he had.,साहस और मूर्खता ही उसके पास थी।,Sahas aur murkhta hi uske paas thi.,అతని దగ్గర ఉన్నదల్లా ధైర్యం మరియు మూర్ఖత్వం మాత్రమే.
I don’t respect anybody who can’t tell the difference between Pepsi and Coke.,मैं किसी ऐसे व्यक्ति का सम्मान नहीं करता जो पेप्सी और कोक के बीच का अंतर नहीं बता सकता।,Main kisi aise vyakti ka samman nahin karta jo Pepsi aur Coke ke beech ka antar nahin bata sakta.,పెప్సీకి మరియు కోక్‌కి మధ్య తేడాను గుర్తించలేని వారిని నేను గౌరవించను.
"As the years pass by, we all know owners look more and more like their dogs.","जैसे-जैसे साल बीतते हैं, हम सभी जानते हैं कि मालिक अपने कुत्तों की तरह दिखने लगते हैं।","Jaise-jaise saal beetate hain, hum sabhi jaante hain ki maalik apne kutton ki tarah dikhne lagte hain.","సంవత్సరాలు గడిచేకొద్దీ, యజమానులు తమ కుక్కల లాగే కనిపిస్తారని మనందరికీ తెలుసు."
"In hopes of finding out the truth, he entered the one-room library.","सच जानने की उम्मीद में, वह एक कमरे वाली लाइब्रेरी में दाखिल हुआ।","Sach jaanne ki ummeed mein, vah ek kamre vaali library mein daakhil hua.","నిజం తెలుసుకోవాలనే ఆశతో, అతను ఒక గది ఉన్న లైబ్రరీలోకి ప్రవేశించాడు."
As he entered the church he could hear the soft voice of someone whispering into a cell phone.,"जैसे ही वह चर्च में दाखिल हुआ, उसे किसी के सेल फोन पर फुसफुसाने की धीमी आवाज सुनाई दी।","Jaise hi vah church mein daakhil hua, use kisi ke cell phone par phusphusane ki dheemi aawaaz sunai di.","అతను చర్చిలోకి ప్రవేశించినప్పుడు, ఎవరో సెల్ ఫోన్‌లో గుసగుసలాడుతున్న మృదువైన స్వరం అతనికి వినిపించింది."
He quietly entered the museum as the super bowl started.,"जैसे ही सुपर बाउल शुरू हुआ, वह चुपचाप संग्रहालय में दाखिल हो गया।","Jaise hi super bowl shuru hua, vah chupchaap sangrahalaya mein daakhil ho gaya.",సూపర్ బౌల్ ప్రారంభమైనప్పుడు అతను నిశ్శబ్దంగా మ్యూజియంలోకి ప్రవేశించాడు.
He had concluded that pigs must be able to fly in Hog Heaven.,उसने निष्कर्ष निकाला था कि हॉग हेवन में सूअर जरूर उड़ सकते होंगे।,Usne nishkarsh nikala tha ki Hog Heaven mein suar zaroor ud sakte honge.,హాగ్ హెవెన్‌లో పందులు ఖచ్చితంగా ఎగరగలవని అతను నిర్ధారించుకున్నాడు.
The rain pelted the windshield as the darkness engulfed us.,"जैसे ही अंधेरे ने हमें घेर लिया, बारिश विंडशील्ड पर जोर-जोर से गिरने लगी।","Jaise hi andhere ne humein gher liya, baarish windshield par zor-zor se girne lagi.","చీకటి మమ్మల్ని కమ్మేసినప్పుడు, వర్షం విండ్‌షీల్డ్‌పై గట్టిగా పడింది."
Beach-combing replaced wine tasting as his new obsession.,बीच-कॉम्बिंग ने वाइन टेस्टिंग की जगह ले ली और यह उसका नया जुनून बन गया।,Beach-combing ne wine tasting ki jagah le li aur yeh uska naya junoon ban gaya.,బీచ్-కోంబింగ్ వైన్ టేస్టింగ్ స్థానాన్ని ఆక్రమించి అతని కొత్త వ్యామోహంగా మారింది.
The blinking lights of the antenna tower came into focus just as I heard a loud snap.,"जैसे ही मुझे एक जोर की आवाज सुनाई दी, एंटीना टॉवर की टिमटिमाती लाइटें मेरी नजर में आ गईं।","Jaise hi mujhe ek zor ki aawaaz sunai di, antenna tower ki timtimati lightein meri nazar mein aa gayin.",నేను పెద్ద శబ్దాన్ని విన్నప్పుడే యాంటెన్నా టవర్ యొక్క మెరుస్తున్న లైట్లు నా దృష్టికి వచ్చాయి.
People generally approve of dogs eating cat food but not cats eating dog food.,"लोग आमतौर पर कुत्तों के बिल्ली का खाना खाने को तो सही मानते हैं, लेकिन बिल्लियों के कुत्ते का खाना खाने को नहीं।","Log aamtaur par kutton ke billi ka khaana khaane ko toh sahi maante hain, lekin billiyon ke kutte ka khaana khaane ko nahi.","కుక్కలు పిల్లి ఆహారాన్ని తినడాన్ని ప్రజలు సాధారణంగా అంగీకరిస్తారు, కానీ పిల్లులు కుక్క ఆహారాన్ని తినడాన్ని అంగీకరించరు."
"Car safety systems have come a long way, but he was out to prove they could be outsmarted.","कार सुरक्षा प्रणालियों ने बहुत प्रगति की है, लेकिन वह यह साबित करने पर तुला था कि उन्हें भी मात दी जा सकती है।","Car suraksha pranaliyon ne bahut pragati ki hai, lekin vah yeh saabit karne par tula tha ki unhein bhi maat di ja sakti hai.","కార్ సేఫ్టీ సిస్టమ్స్ చాలా అభివృద్ధి చెందాయి, కానీ వాటిని కూడా అధిగమించవచ్చని నిరూపించడానికి అతను ప్రయత్నించాడు."
They looked up at the sky and saw a million stars.,उन्होंने आसमान की ओर देखा और लाखों तारे देखे।,Unhone aasman ki or dekha aur lakhon taare dekhe.,వారు ఆకాశం వైపు చూసి లక్షలాది నక్షత్రాలను చూశారు.
She opened up her third bottle of wine of the night.,उसने रात की अपनी तीसरी वाइन की बोतल खोली।,Usne raat ki apni teesri wine ki botal kholi.,ఆమె ఆ రాత్రికి తన మూడవ వైన్ బాటిల్‌ను తెరిచింది.
"With a single flip of the coin, his life changed forever.","सिक्के के एक बार उछलते ही, उसका जीवन हमेशा के लिए बदल गया।","Sikke ke ek baar uchhalte hi, uska jeevan hamesha ke liye badal gaya.","ఒక్క నాణెం ఎగరవేతతో, అతని జీవితం శాశ్వతంగా మారిపోయింది."
"The tart lemonade quenched her thirst, but not her longing.","खट्टे नींबू पानी ने उसकी प्यास तो बुझा दी, लेकिन उसकी तड़प नहीं।","Khatte nimbu paani ne uski pyaas toh bujha di, lekin uski tadap nahi.","పుల్లని నిమ్మరసం ఆమె దాహాన్ని తీర్చింది, కానీ ఆమె కోరికను కాదు."
Flying fish few by the space station.,उड़ने वाली मछलियाँ अंतरिक्ष स्टेशन के पास से गुज़रीं।,Udne wali machliyan antariksh station ke paas se guzrin.,ఎగిరే చేపలు అంతరిక్ష కేంద్రం గుండా వెళ్ళాయి.
He colored deep space a soft yellow.,उसने गहरे अंतरिक्ष को हल्के पीले रंग से रंग दिया।,Usne gehre antariksh ko halke peele rang se rang diya.,అతను లోతైన అంతరిక్షాన్ని లేత పసుపు రంగుతో నింపాడు.
Dan ate the clouds like cotton candy.,डैन ने बादलों को कॉटन कैंडी की तरह खा लिया।,Dan ne baadlon ko cotton candy ki tarah kha liya.,డాన్ మేఘాలను కాటన్ క్యాండీలా తిన్నాడు.
He found a leprechaun in his walnut shell.,उसे अपने अखरोट के खोल में एक लेप्रेकॉन मिला।,Use apne akhrot ke khol mein ek leprechaun mila.,అతను తన వాల్‌నట్ షెల్‌లో ఒక లెప్రెకాన్‌ను కనుగొన్నాడు.
Bill ran from the giraffe toward the dolphin.,बिल जिराफ से दूर डॉल्फिन की ओर भागा।,Bill giraffe se door dolphin ki or bhaaga.,బిల్ జిరాఫీ నుండి డాల్ఫిన్ వైపు పరుగెత్తాడు.
It didn't make sense unless you had the power to eat colors.,इसका कोई मतलब नहीं था जब तक कि आपके पास रंगों को खाने की शक्ति न हो।,Iska koi matlab nahi tha jab tak ki aapke paas rangon ko khaane ki shakti na ho.,"మీకు రంగులను తినే శక్తి ఉంటే తప్ప, దీనికి అర్థం లేదు."
Patricia loves the sound of nails strongly pressed against the chalkboard.,पेट्रीसिया को ब्लैकबोर्ड पर जोर से रगड़े गए नाखूनों की आवाज पसंद है।,Patricia ko blackboard par zor se ragde gaye naakhunon ki aawaaz pasand hai.,బ్లాక్‌బోర్డ్‌పై గోళ్లను గట్టిగా గీకినప్పుడు వచ్చే శబ్దం పాట్రిసియాకు ఇష్టం.
He didn't understand why the bird wanted to ride the bicycle.,उसे समझ नहीं आया कि पक्षी साइकिल क्यों चलाना चाहता था।,Use samajh nahi aaya ki pakshi cycle kyon chalana chahta tha.,పక్షి సైకిల్ ఎందుకు తొక్కాలనుకుందో అతనికి అర్థం కాలేదు.
Garlic ice-cream was her favorite.,लहसुन वाली आइसक्रीम उसकी पसंदीदा थी।,Lahsun wali ice-cream uski pasandida thi.,వెల్లుల్లి ఐస్ క్రీమ్ అంటే ఆమెకు చాలా ఇష్టం.
Smoky the Bear secretly started the fires.,स्मोकी द बियर ने चुपके से आग लगानी शुरू की।,Smoky the Bear ne chupke se aag lagani shuru ki.,స్మోకీ ది బేర్ రహస్యంగా మంటలను మొదలుపెట్టాడు.
Pat ordered a ghost pepper pie.,पैट ने घोस्ट पेपर पाई का ऑर्डर दिया।,Pat ne ghost pepper pie ka order diya.,ప్యాట్ ఘోస్ట్ పెప్పర్ పైని ఆర్డర్ చేశాడు.
"You have every right to be angry, but that doesn't give you the right to be mean.","तुम्हें गुस्सा होने का पूरा हक है, लेकिन इसका मतलब यह नहीं कि तुम बदतमीजी करो।","Tumhein gussa hone ka poora haq hai, lekin iska matlab yeh nahi ki tum badtameezi karo.","నీకు కోపం వచ్చే హక్కు ఉంది, కానీ అది ఇతరులతో దురుసుగా ప్రవర్తించే హక్కును ఇవ్వదు."
Andy loved to sleep on a bed of nails.,एंडी को कीलों के बिस्तर पर सोना पसंद था।,Andy ko keelon ke bistar par sona pasand tha.,ఆండీకి మేకుల పడకపై పడుకోవడం అంటే చాలా ఇష్టం.
Her daily goal was to improve on yesterday.,उसका दैनिक लक्ष्य कल से बेहतर करना था।,Uska dainik lakshya kal se behtar karna tha.,నిన్నటి కంటే మెరుగ్గా ఉండటమే ఆమె ప్రతిరోజూ లక్ష్యం.
She had a habit of taking showers in lemonade.,उसे नींबू पानी से नहाने की आदत थी।,Use nimbu pani se nahane ki aadat thi.,ఆమెకు నిమ్మరసంతో స్నానం చేసే అలవాటు ఉంది.
The elephant didn't want to talk about the person in the room.,हाथी कमरे में मौजूद व्यक्ति के बारे में बात नहीं करना चाहता था।,Haathi kamre mein maujood vyakti ke baare mein baat nahi karna chahta tha.,గదిలో ఉన్న వ్యక్తి గురించి ఏనుగు మాట్లాడాలనుకోలేదు.
The skeleton had skeletons of his own in the closet.,कंकाल के अपने ही राज़ अलमारी में छिपे थे।,Kankal ke apne hi raaz almari mein chhipe the.,ఆ అస్థిపంజరం తన సొంత రహస్యాలను దాచుకుంది.
The Oscar ceremonies are Hollywood's biggest extravaganza.,ऑस्कर समारोह हॉलीवुड का सबसे बड़ा भव्य आयोजन है।,Oscar samaroh Hollywood ka sabse bada bhavya aayojan hai.,ఆస్కార్ వేడుకలు హాలీవుడ్ యొక్క అతిపెద్ద అద్భుత ప్రదర్శనలు.
She learned the different types of clouds in second grade.,उसने दूसरी कक्षा में बादलों के विभिन्न प्रकारों के बारे में सीखा।,Usne dusri kaksha mein badalon ke vibhinn prakaron ke bare mein seekha.,ఆమె రెండవ తరగతిలో వివిధ రకాల మేఘాల గురించి నేర్చుకుంది.
Sometimes I get confused where the ball went.,कभी-कभी मैं भ्रमित हो जाता हूँ कि गेंद कहाँ गई।,Kabhi-kabhi main bhramit ho jata hoon ki gend kahan gayi.,కొన్నిసార్లు బంతి ఎక్కడికి వెళ్ళిందో నాకు అర్థం కాక అయోమయంగా ఉంటుంది.
We go to the gym club together.,हम साथ में जिम क्लब जाते हैं।,Hum saath mein gym club jaate hain.,మేము కలిసి జిమ్ క్లబ్‌కు వెళ్తాము.
We've been trying to go there for so long.,हम बहुत समय से वहाँ जाने की कोशिश कर रहे हैं।,Hum bahut samay se vahan jaane ki koshish kar rahe hain.,మేము చాలా కాలంగా అక్కడికి వెళ్లడానికి ప్రయత్నిస్తున్నాము.
I haven’t been invited.,मुझे आमंत्रित नहीं किया गया है।,Mujhe aamantrit nahi kiya gaya hai.,నన్ను ఆహ్వానించలేదు.
This room is just about big enough.,यह कमरा लगभग काफी बड़ा है।,Yeh kamra lagbhag kaafi bada hai.,ఈ గది సరిపడా పెద్దదిగానే ఉంది.
The giraffe licked the tree and spat at the gorilla.,जिराफ ने पेड़ को चाटा और गोरिल्ला पर थूक दिया।,Giraffe ne ped ko chaata aur gorilla par thook diya.,"జిరాఫీ చెట్టును నాకి, గొరిల్లాపై ఉమ్మివేసింది."
That will do.,इतना काफी है।,Itna kaafi hai.,అది సరిపోతుంది.
She doesn’t see Peter every day.,वह पीटर से हर दिन नहीं मिलती है।,Vah Peter se har din nahi milti hai.,ఆమె పీటర్‌ను ప్రతిరోజూ కలవదు.
The conversion rate of USD to Chinese RMB is approximately 1:6.,यूएसडी से चीनी आरएमबी की विनिमय दर लगभग 1:6 है।,USD se cheeni RMB ki vinimay dar lagbhag 1:6 hai.,USD నుండి చైనీస్ RMB మార్పిడి రేటు సుమారు 1:6.
We cook every day.,हम हर दिन खाना बनाते हैं।,Hum har din khana banate hain.,మేము ప్రతిరోజూ వంట చేస్తాము.
I’m left wondering if she understood the joke.,मैं सोच रहा हूँ कि क्या उसे मज़ाक समझ आया।,Main soch raha hoon ki kya use mazak samajh aaya.,ఆమెకు జోక్ అర్థమైందో లేదో అని నేను ఆలోచిస్తున్నాను.
Wiggle your fingers.,अपनी उंगलियों को हिलाओ।,Apni ungliyon ko hilao.,మీ వేళ్లను కదిలించండి.
Tokyo is bigger than Rome.,टोक्यो रोम से बड़ा है।,Tokyo Rome se bada hai.,టోక్యో రోమ్ కంటే పెద్దది.
He plays the violin as well as the fiddle.,वह वायलिन और फिडल दोनों बजा लेता है।,Vah violin aur fiddle dono baja leta hai.,అతను వయోలిన్ మరియు ఫిడిల్ రెండింటినీ వాయిస్తాడు.
His speech covered many subjects.,उनके भाषण में कई विषय शामिल थे।,Unke bhashan mein kai vishay shamil the.,అతని ప్రసంగం అనేక విషయాలను కవర్ చేసింది.
My hands are too big to fit into these gloves.,मेरे हाथ इतने बड़े हैं कि इन दस्तानों में नहीं आ रहे।,Mere haath itne bade hain ki in dastanon mein nahi aa rahe.,"నా చేతులు చాలా పెద్దవి, అందుకే ఈ గ్లౌజులు సరిపోవడం లేదు."
People are really out there thinking we can stop fascism by pointing out that they made factually inaccurate statements somewhere along the way.,लोग सचमुच यह सोच रहे हैं कि हम फासीवाद को केवल यह बताकर रोक सकते हैं कि उन्होंने कहीं न कहीं तथ्यात्मक रूप से गलत बयान दिए हैं।,Log sachmuch yah soch rahe hain ki hum fascism ko keval yah batakar rok sakte hain ki unhone kahin na kahin tathyatmak roop se galat bayan diye hain.,ఫాసిజం అనేది ఎక్కడో ఒకచోట తప్పుగా మాట్లాడారని ఎత్తిచూపడం ద్వారా ఆగిపోతుందని ప్రజలు నిజంగానే అనుకుంటున్నారు.
Robert tends to talk big.,रॉबर्ट बड़ी-बड़ी बातें करने का आदी है।,Robert badi-badi baatein karne ka aadi hai.,రాబర్ట్ గొప్పలు చెప్పుకునే అలవాటు ఉన్నవాడు.
I have a whole list of people to call.,मेरे पास कॉल करने के लिए लोगों की पूरी सूची है।,Mere paas call karne ke liye logon ki poori soochi hai.,నేను కాల్ చేయాల్సిన వ్యక్తుల జాబితా నా దగ్గర ఉంది.
He wore a red shirt and khakis to Target and was mistaken for an employee.,उसने टारगेट में लाल शर्ट और खाकी पैंट पहनी थी और उसे कर्मचारी समझ लिया गया।,Usne Target mein laal shirt aur khaki pant pehni thi aur use karmchari samajh liya gaya.,"అతను టార్గెట్‌కు ఎరుపు రంగు షర్టు మరియు ఖాకీ ప్యాంటు వేసుకుని వెళ్ళాడు, దాంతో అందరూ అతన్ని ఉద్యోగి అని పొరబడ్డారు."
It could possibly become a big problem.,यह संभवतः एक बड़ी समस्या बन सकती है।,Yeh sambhavatah ek badi samasya ban sakti hai.,ఇది బహుశా పెద్ద సమస్యగా మారవచ్చు.
She wanted to be a tutor but had a hard time getting started.,वह ट्यूटर बनना चाहती थी लेकिन उसे शुरुआत करने में बहुत कठिनाई हुई।,Vah tutor banna chahti thi lekin use shuruat karne mein bahut kathinai hui.,ఆమె ట్యూటర్ కావాలనుకుంది కానీ మొదలుపెట్టడానికి చాలా కష్టపడింది.
The kids were smiling from ear to ear.,बच्चे बहुत खुश थे और खिलखिला रहे थे।,Bachche bahut khush the aur khilkhila rahe the.,పిల్లలు ఎంతో సంతోషంగా నవ్వుతున్నారు.
The nurse asked me which medications I was taking.,नर्स ने मुझसे पूछा कि मैं कौन सी दवाइयां ले रहा हूँ।,Nurse ne mujhse poochha ki main kaun si davaiyan le raha hoon.,నేను ఏ మందులు వాడుతున్నానో నర్సు నన్ను అడిగింది.
Tom didn't want to take such a big risk.,टॉम इतना बड़ा जोखिम नहीं लेना चाहता था।,Tom itna bada jokhim nahi lena chahta tha.,టామ్ అంత పెద్ద రిస్క్ తీసుకోవాలనుకోలేదు.
She told him to grow up.,उसने उससे समझदारी से काम लेने को कहा।,Usne usse samajhdari se kaam lene ko kaha.,ఆమె అతన్ని పెద్దవాడిలా ప్రవర్తించమని చెప్పింది.
Albert is so cute.,अल्बर्ट बहुत प्यारा है।,Albert bahut pyara hai.,ఆల్బర్ట్ చాలా ముద్దుగా ఉన్నాడు.
"She thought squirrels tasted gross, but if she complained, her parents would yell at her.","उसे लगता था कि गिलहरी का स्वाद बहुत खराब होता है, लेकिन अगर उसने शिकायत की, तो उसके माता-पिता उस पर चिल्लाएंगे।","Use lagta tha ki gilahari ka swaad bahut kharab hota hai, lekin agar usne shikayat ki, toh uske mata-pita us par chillayenge.","ఉడుత మాంసం రుచిగా ఉండదని ఆమె అనుకుంది, కానీ ఆమె ఫిర్యాదు చేస్తే, ఆమె తల్లిదండ్రులు ఆమెపై అరుస్తారని భయపడింది."
"She meant to go to Gaborone, but mixed up Botswana and Zimbabwe and ended up in Harare instead.","वह गैबोरोन जाना चाहती थी, लेकिन बोत्सवाना और ज़िम्बाब्वे में भ्रमित हो गई और इसके बजाय हरारे पहुँच गई।","Vah Gaborone jaana chahti thi, lekin Botswana aur Zimbabwe mein bhramit ho gayi aur iske bajay Harare pahunch gayi.","ఆమె గబోరోన్ వెళ్లాలనుకుంది, కానీ బోట్స్వానా మరియు జింబాబ్వేల మధ్య గందరగోళానికి గురై పొరపాటున హరారే చేరుకుంది."
I've never seen a whale that big.,मैंने इतनी बड़ी व्हेल कभी नहीं देखी।,Maine itni badi whale kabhi nahi dekhi.,నేను అంత పెద్ద తిమింగలాన్ని ఎప్పుడూ చూడలేదు.
We weren't in the best place.,हम सबसे अच्छी जगह पर नहीं थे।,Hum sabse achhi jagah par nahi the.,మేము అంత మంచి ప్రదేశంలో లేము.
Good location choice.,स्थान का अच्छा चुनाव।,Sthan ka achha chunav.,మంచి స్థలాన్ని ఎంచుకున్నారు.
People love Chicago.,लोगों को शिकागो बहुत पसंद है।,Logon ko Chicago bahut pasand hai.,ప్రజలకు చికాగో అంటే చాలా ఇష్టం.
He looked like a candy cane.,वह कैंडी केन जैसा दिख रहा था।,Vah candy cane jaisa dikh raha tha.,అతను క్యాండీ కేన్ లాగా కనిపిస్తున్నాడు.
She froze at the sight of the big spider.,बड़ी मकड़ी को देखकर वह जम गई।,Badi makdi ko dekhkar vah jam gayi.,పెద్ద సాలీడును చూడగానే ఆమె కదలకుండా ఉండిపోయింది.
They called each other over the iPad each morning during breakfast.,वे हर सुबह नाश्ते के दौरान आईपैड पर एक-दूसरे को कॉल करते थे।,Ve har subah nashte ke dauran iPad par ek-dusre ko call karte the.,వారు ప్రతిరోజూ ఉదయం అల్పాహారం సమయంలో ఐప్యాడ్ ద్వారా ఒకరికొకరు కాల్ చేసుకునేవారు.
Problem solving is important.,समस्या का समाधान करना महत्वपूर्ण है।,Samasya ka samadhan karna mahatvapurn hai.,సమస్యలను పరిష్కరించడం చాలా ముఖ్యం.
Every store around her seemed to have retail space for lease.,उसके आसपास की हर दुकान में किराए के लिए खुदरा जगह उपलब्ध लग रही थी।,Uske aaspaas ki har dukan mein kiraye ke liye khudra jagah uplabdh lag rahi thi.,ఆమె చుట్టూ ఉన్న ప్రతి దుకాణంలో అద్దెకు ఇవ్వడానికి రిటైల్ స్థలం ఉన్నట్లు అనిపించింది.
Tom just got that big promotion he's been waiting for.,टॉम को अभी वह बड़ा प्रमोशन मिला है जिसका वह इंतज़ार कर रहा था।,Tom ko abhi vah bada promotion mila hai jiska vah intezar kar raha tha.,టామ్ ఎప్పటి నుంచో ఎదురుచూస్తున్న ఆ పెద్ద ప్రమోషన్ అతనికి ఇప్పుడే వచ్చింది.
I don’t hate you.,मैं तुमसे नफरत नहीं करता।,Main tumse nafrat nahi karta.,నేను నిన్ను ద్వేషించడం లేదు.
The dog chased the cat around the block four times.,कुत्ते ने बिल्ली का ब्लॉक के चारों ओर चार बार पीछा किया।,Kutte ne billi ka block ke charo or char bar picha kiya.,కుక్క పిల్లిని బ్లాక్ చుట్టూ నాలుగు సార్లు వెంబడించింది.
Mary is a fan of theirs.,मैरी उनकी प्रशंसक है।,Mary unki prashansak hai.,మేరీ వారి అభిమాని.
The job was bigger than I anticipated.,काम मेरी उम्मीद से कहीं बड़ा था।,Kaam meri ummeed se kahin bada tha.,ఆ పని నేను ఊహించిన దానికంటే పెద్దదిగా ఉంది.
The papers say that there was a big fire in Nagoya.,अखबारों में लिखा है कि नागोया में एक बड़ी आग लगी थी।,Akhbaron mein likha hai ki Nagoya mein ek badi aag lagi thi.,నగోయాలో పెద్ద అగ్నిప్రమాదం జరిగిందని వార్తాపత్రికలు చెబుతున్నాయి.
"When I ripped the tape off, it hurt.","जब मैंने टेप खींचा, तो मुझे दर्द हुआ।","Jab maine tape khincha, to mujhe dard hua.","నేను టేపును పీకినప్పుడు, నొప్పి కలిగింది."
This dress is too big for me.,यह ड्रेस मेरे लिए बहुत बड़ी है।,Yeh dress mere liye bahut badi hai.,ఈ డ్రెస్ నాకు చాలా పెద్దదిగా ఉంది.
I can make my own decisions.,मैं अपने फैसले खुद ले सकता हूँ।,Main apne faisle khud le sakta hoon.,నేను నా నిర్ణయాలను నేనే తీసుకోగలను.
I don't think the house is as big as we hoped.,मुझे नहीं लगता कि घर उतना बड़ा है जितनी हमने उम्मीद की थी।,Mujhe nahi lagta ki ghar utna bada hai jitni humne ummeed ki thi.,మేము ఆశించినంత పెద్దదిగా ఈ ఇల్లు లేదని నేను అనుకుంటున్నాను.
"The chandelier swayed in the breeze, sending dust drifting over the tables.","झूमर हवा में झूल रहा था, जिससे मेजों पर धूल उड़ रही थी।","Jhoomar hawa mein jhool raha tha, jisse mezon par dhool ud rahi thi.","గాలికి షాండ్లియర్ ఊగుతూ, టేబుళ్లపై దుమ్మును పరుస్తోంది."
There's a big package on the desk for you.,डेस्क पर तुम्हारे लिए एक बड़ा पार्सल रखा है।,Desk par tumhare liye ek bada parcel rakha hai.,డెస్క్ మీద నీకోసం ఒక పెద్ద పార్శిల్ ఉంది.
He resolved to give up smoking.,उसने धूम्रपान छोड़ने का संकल्प लिया।,Usne dhoomrapan chhodne ka sankalp liya.,అతను ధూమపానం మానేయాలని నిర్ణయించుకున్నాడు.
The big fire reduced the whole town to ashes.,भीषण आग ने पूरे शहर को राख में बदल दिया।,Bhishan aag ne poore shahar ko raakh mein badal diya.,పెద్ద అగ్నిప్రమాదం మొత్తం పట్టణాన్ని బూడిద చేసింది.
This is my younger brother.,यह मेरा छोटा भाई है।,Yeh mera chhota bhai hai.,ఇతను నా తమ్ముడు.
I will not open the door.,मैं दरवाजा नहीं खोलूँगा।,Main darwaza nahi khoolunga.,నేను తలుపు తెరవను.
"The bigger they are, the harder they fall.","जो जितना बड़ा होता है, वह उतनी ही जोर से गिरता है।","Jo jitna bada hota hai, woh utni hi zor se girta hai.",ఎంత పెద్దవారైతే అంత గట్టిగా పడతారు.
I want a big happy family.,मुझे एक बड़ा और खुशहाल परिवार चाहिए।,Mujhe ek bada aur khushhaal parivaar chahiye.,నాకు ఒక పెద్ద సంతోషకరమైన కుటుంబం కావాలి.
They live in a beautiful house.,वे एक सुंदर घर में रहते हैं।,Ve ek sundar ghar mein rehte hain.,వారు ఒక అందమైన ఇంట్లో నివసిస్తున్నారు.
She became homeless after she was evicted.,घर से निकाले जाने के बाद वह बेघर हो गई।,Ghar se nikale jaane ke baad woh beghar ho gayi.,ఇంటి నుండి ఖాళీ చేయించిన తర్వాత ఆమె నిరాశ్రయురాలైంది.
She regretted not going until she saw the pictures they posted of the meet-up and realized she would have been the only woman there.,उसे न जाने का पछतावा तब तक नहीं हुआ जब तक उसने मीट-अप की तस्वीरें नहीं देखीं और उसे एहसास हुआ कि वहाँ वह अकेली महिला होती।,Use na jaane ka pachtava tab tak nahi hua jab tak usne meet-up ki tasveerein nahi dekhi aur use ehsaas hua ki vahan vah akeli mahila hoti.,"మీట్-అప్ ఫోటోలు చూసి, అక్కడ తను ఒక్కతే మహిళనని తెలిసే వరకు ఆమె వెళ్లనందుకు బాధపడలేదు."
"We're leaving in ten minutes, whether you're dressed or not.","हम दस मिनट में निकल रहे हैं, चाहे तुमने कपड़े पहने हों या नहीं।","Hum das minute mein nikal rahe hain, chahe tumne kapde pehne hon ya nahi.","నువ్వు బట్టలు వేసుకున్నా వేసుకోకపోయినా, మేము పది నిమిషాల్లో బయలుదేరుతున్నాము."
I am a little mad right now.,मैं अभी थोड़ा गुस्से में हूँ।,Main abhi thoda gusse mein hoon.,నేను ఇప్పుడు కొంచెం కోపంగా ఉన్నాను.
I am having his baby.,मैं उसके बच्चे की माँ बनने वाली हूँ।,Main uske bachche ki maa banne wali hoon.,నేను అతని బిడ్డకు జన్మనివ్వబోతున్నాను.
Animal print adds a nice touch to plain outfits.,एनिमल प्रिंट सादे कपड़ों में एक अच्छा लुक जोड़ता है।,Animal print saade kapdon mein ek achha look jodta hai.,సాదా దుస్తులకు యానిమల్ ప్రింట్ ఒక మంచి అందాన్ని ఇస్తుంది.
I am on the phone.,मैं फोन पर बात कर रहा हूँ।,Main phone par baat kar raha hoon.,నేను ఫోన్‌లో మాట్లాడుతున్నాను.
She didn't understand the appeal of hardwood floors.,उसे लकड़ी के फर्श का आकर्षण समझ नहीं आया।,Use lakdi ke farsh ka aakarshan samajh nahi aaya.,చెక్క ఫ్లోరింగ్ ఎందుకు బాగుంటుందో ఆమెకు అర్థం కాలేదు.
I check off each task on my list as soon as I complete it.,मैं अपनी सूची के हर काम को पूरा करते ही उसे टिक कर देता हूँ।,Main apni soochi ke har kaam ko poora karte hi use tick kar deta hoon.,నేను నా జాబితాలోని ప్రతి పనిని పూర్తి చేయగానే దాన్ని టిక్ చేస్తాను.
His story is fishy.,उसकी कहानी संदिग्ध लग रही है।,Uski kahani sandigdh lag rahi hai.,అతని కథ అనుమానాస్పదంగా ఉంది.
He didn't mean to smash the window.,उसका इरादा खिड़की तोड़ने का नहीं था।,Uska irada khidki todne ka nahi tha.,అతను కావాలని కిటికీ పగలగొట్టలేదు.
he has skipped school on many occasions.,उसने कई बार स्कूल से छुट्टी ली है।,Usne kai baar school se chhutti li hai.,అతను చాలాసార్లు బడికి వెళ్లకుండా ఎగ్గొట్టాడు.
We're no different from anyone else.,हम किसी और से अलग नहीं हैं।,Hum kisi aur se alag nahi hain.,మేము వేరే ఎవరికంటే భిన్నం కాదు.
I have a feeling the boss won’t be happy about this.,मुझे लग रहा है कि बॉस इससे खुश नहीं होंगे।,Mujhe lag raha hai ki boss isse khush nahi honge.,దీని గురించి బాస్ సంతోషంగా ఉండరని నాకు అనిపిస్తోంది.
Wearing long sleeves in the winter is a good idea.,सर्दियों में लंबी बाजू के कपड़े पहनना एक अच्छा विचार है।,Sardiyon mein lambi baazu ke kapde pehanna ek achha vichaar hai.,చలికాలంలో పొడవాటి చేతుల దుస్తులు వేసుకోవడం మంచిది.
You’re a fantastic cook.,तुम बहुत बेहतरीन खाना बनाते हो।,Tum bahut behtareen khaana banate ho.,నువ్వు అద్భుతంగా వంట చేస్తావు.
I had a beta fish.,मेरे पास एक बीटा मछली थी।,Mere paas ek beta machhli thi.,నా దగ్గర ఒక బీటా చేప ఉండేది.
I'm on the list.,मेरा नाम लिस्ट में है।,Mera naam list mein hai.,నా పేరు లిస్టులో ఉంది.
It's so sunny outside.,बाहर बहुत धूप है।,Baahar bahut dhoop hai.,బయట చాలా ఎండగా ఉంది.
Nobody ever believed her when she told them how big her family was.,"जब उसने लोगों को बताया कि उसका परिवार कितना बड़ा है, तो किसी ने भी उस पर विश्वास नहीं किया।","Jab usne logon ko bataya ki uska parivaar kitna bada hai, toh kisi ne bhi us par vishwas nahi kiya.",తన కుటుంబం ఎంత పెద్దదో ఆమె చెప్పినప్పుడు ఎవరూ నమ్మలేదు.
She went to Oktoberfest and got drunk on half a stein of beer.,वह ओक टोबरफेस्ट गई और आधी स्टीन बीयर पीकर ही नशे में धुत हो गई।,Vah Oktoberfest gayi aur aadhi stein beer peekar hi nashe mein dhut ho gayi.,"ఆమె అక్టోబర్‌ఫెస్ట్‌కు వెళ్లి, సగం స్టెయిన్ బీర్ తాగేసరికే మత్తులోకి వెళ్లిపోయింది."
The Nazis are considered bad because they succeeded in carrying out their ideal of ending the Jews.,नाज़ियों को बुरा माना जाता है क्योंकि वे यहूदियों को खत्म करने के अपने आदर्श को पूरा करने में सफल रहे थे।,Naziyon ko bura mana jata hai kyonki ve yahudiyon ko khatam karne ke apne adarsh ko pura karne mein safal rahe the.,నాజీలు చెడ్డవారని పరిగణించబడతారు ఎందుకంటే వారు యూదులను అంతం చేయాలనే తమ ఆదర్శాన్ని అమలు చేయడంలో విజయం సాధించారు.
A candle can be fake or real.,मोमबत्ती नकली या असली हो सकती है।,Mombatti nakli ya asli ho sakti hai.,కొవ్వొత్తి నకిలీది లేదా అసలైనది కావచ్చు.
You would somehow manage to make yourself understood.,तुम किसी तरह अपनी बात समझा ही लोगे।,Tum kisi tarah apni baat samjha hi loge.,నువ్వు ఎలాగోలా నీ విషయాన్ని అర్థమయ్యేలా చెప్పగలవు.
It could be the biggest mistake you ever make.,यह तुम्हारी अब तक की सबसे बड़ी गलती हो सकती है।,Yeh tumhari ab tak ki sabse badi galti ho sakti hai.,ఇది నువ్వు చేసే అతి పెద్ద తప్పు కావచ్చు.
We have group fitness classes.,हमारे यहाँ ग्रुप फिटनेस क्लास होती हैं।,Hamare yahan group fitness class hoti hain.,మా దగ్గర గ్రూప్ ఫిట్‌నెస్ క్లాసులు ఉన్నాయి.
"One day, maybe, she'd be interested, but not right now.","शायद किसी दिन, उसे दिलचस्पी हो, लेकिन अभी नहीं।","Shayad kisi din, use dilchaspi ho, lekin abhi nahi.","బహుశా ఏదో ఒక రోజు ఆమె ఆసక్తి చూపవచ్చు, కానీ ఇప్పుడు కాదు."
I thought about possibly taking it over myself.,मैंने सोचा कि शायद इसे मैं खुद संभाल लूँ।,Maine socha ki shayad ise main khud sambhal loon.,బహుశా నేనే దీనిని బాధ్యతగా తీసుకుందామని అనుకున్నాను.
The woman wasn't replying to her emails.,वह महिला उसके ईमेल का जवाब नहीं दे रही थी।,Vah mahila uske email ka jawab nahi de rahi thi.,ఆ మహిళ ఆమె ఈమెయిల్‌లకు సమాధానం ఇవ్వడం లేదు.
Tom had big money problems.,टॉम को पैसों की बड़ी समस्याएँ थीं।,Tom ko paison ki badi samasyaen thin.,టామ్‌కు పెద్ద ఆర్థిక సమస్యలు ఉన్నాయి.
They saw giraffes.,उन्होंने जिराफ़ देखे।,Unhone giraffe dekhe.,వారు జిరాఫీలను చూశారు.
I’ve asked you a thousand times not to leave your dirty socks on the floor.,मैंने तुमसे हज़ार बार कहा है कि अपने गंदे मोज़े ज़मीन पर मत छोड़ा करो।,Maine tumse hazaar baar kaha hai ki apne gande moze zameen par mat chhoda karo.,నీ మురికి సాక్సులను నేల మీద పడేయవద్దని నేను నీకు వెయ్యి సార్లు చెప్పాను.
It is very useful to listen to Lesson One again.,पहला पाठ फिर से सुनना बहुत उपयोगी है।,Pehla paath phir se sunna bahut upyogi hai.,మొదటి పాఠాన్ని మళ్ళీ వినడం చాలా ఉపయోగకరం.
I could be proposing next week.,हो सकता है कि मैं अगले हफ़्ते प्रपोज़ कर दूँ।,Ho sakta hai ki main agle hafte propose kar doon.,నేను వచ్చే వారం ప్రపోజ్ చేయవచ్చు.
I’m reconsidering my decision to get such an expensive car.,मैं इतनी महँगी कार लेने के अपने फ़ैसले पर फिर से विचार कर रहा हूँ।,Main itni mehngi car lene ke apne faisle par phir se vichaar kar raha hoon.,అంత ఖరీదైన కారు కొనాలనే నా నిర్ణయాన్ని నేను మళ్ళీ ఆలోచిస్తున్నాను.
He snuck into the house after midnight to investigate.,वह जाँच करने के लिए आधी रात के बाद चुपके से घर में घुस गया।,Vah jaanch karne ke liye aadhi raat ke baad chupke se ghar mein ghus gaya.,అతను దర్యాప్తు చేయడానికి అర్ధరాత్రి తర్వాత రహస్యంగా ఇంట్లోకి ప్రవేశించాడు.
Tom recognized three of the names on the list.,टॉम ने सूची में से तीन नामों को पहचान लिया।,Tom ne soochi mein se teen naamon ko pehchaan liya.,జాబితాలోని మూడు పేర్లను టామ్ గుర్తించాడు.
"The bike shop had special bike racks out front, which were shaped like bicycle wheels.","बाइक की दुकान के सामने विशेष बाइक रैक थे, जो साइकिल के पहियों के आकार के थे।","Bike ki dukaan ke saamne vishesh bike rack the, jo cycle ke pahiyon ke aakaar ke the.","బైక్ షాప్ ముందు ప్రత్యేకమైన బైక్ రాక్‌లు ఉన్నాయి, అవి సైకిల్ చక్రాల ఆకారంలో ఉన్నాయి."
I want to be married.,मैं शादी करना चाहता हूँ।,Main shaadi karna chahta hoon.,నేను వివాహం చేసుకోవాలనుకుంటున్నాను.
She hated the taste of butter so much that it made her gag.,उसे मक्खन का स्वाद इतना नापसंद था कि उसे उल्टी जैसी महसूस होने लगती थी।,Use makkhan ka swaad itna naapasand tha ki use ulti jaisi mehsoos hone lagti thi.,"ఆమెకు వెన్న రుచి అంటే ఎంత అసహ్యం అంటే, అది తింటే ఆమెకు వాంతులు వచ్చేవి."
We are starting to enter a new chapter.,हम एक नए अध्याय में प्रवेश करने जा रहे हैं।,Hum ek naye adhyaay mein pravesh karne ja rahe hain.,మేము ఒక కొత్త అధ్యాయంలోకి ప్రవేశించడం ప్రారంభిస్తున్నాము.
"You’ll get a chance to come closer to nature, meet lots of different animals, birds, and plants.","आपको प्रकृति के करीब आने, और कई तरह के जानवरों, पक्षियों और पौधों से मिलने का मौका मिलेगा।","Aapko prakriti ke kareeb aane, aur kai tarah ke jaanwaron, pakshiyon aur paudhon se milne ka mauka milega.","మీకు ప్రకృతికి దగ్గరయ్యే అవకాశం, అలాగే ఎన్నో రకాల జంతువులు, పక్షులు మరియు మొక్కలను చూసే అవకాశం లభిస్తుంది."
"When you enter a room, smile and say hello.","जब आप किसी कमरे में प्रवेश करें, तो मुस्कुराएं और नमस्ते कहें।","Jab aap kisi kamre mein pravesh karein, toh muskurayein aur namaste kahein.","మీరు గదిలోకి ప్రవేశించినప్పుడు, చిరునవ్వుతో పలకరించండి."
You need to look at the big picture here.,आपको यहाँ बड़ी तस्वीर देखने की ज़रूरत है।,Aapko yahan badi tasveer dekhne ki zaroorat hai.,మీరు ఇక్కడ పెద్ద చిత్రాన్ని (మొత్తం పరిస్థితిని) చూడాలి.
Yesterday's board meeting was a big success.,कल की बोर्ड मीटिंग बहुत सफल रही।,Kal ki board meeting bahut safal rahi.,నిన్న జరిగిన బోర్డు సమావేశం ఘనవిజయం సాధించింది.
He recommended the scary book to me.,उसने मुझे वह डरावनी किताब पढ़ने की सलाह दी।,Usne mujhe vah daravani kitaab padhne ki salah di.,అతను నాకు ఆ భయానక పుస్తకాన్ని సిఫార్సు చేశాడు.
I had to check Facebook to figure out her last name.,मुझे उसका उपनाम पता करने के लिए फेसबुक चेक करना पड़ा।,Mujhe uska upnaam pata karne ke liye Facebook check karna pada.,ఆమె ఇంటిపేరు తెలుసుకోవడానికి నేను ఫేస్‌బుక్ చూడాల్సి వచ్చింది.
He used a big piece of paper to make the bag.,उसने बैग बनाने के लिए कागज के एक बड़े टुकड़े का इस्तेमाल किया।,Usne bag banane ke liye kagaz ke ek bade tukde ka istemaal kiya.,అతను బ్యాగ్ తయారు చేయడానికి పెద్ద కాగితాన్ని ఉపయోగించాడు.
They painted the coffee shop ceiling black.,उन्होंने कॉफी शॉप की छत को काला रंग दिया।,Unhone coffee shop ki chhat ko kala rang diya.,వారు కాఫీ షాప్ పైకప్పుకు నలుపు రంగు వేశారు.
I expect to be there this evening.,मुझे उम्मीद है कि मैं आज शाम वहाँ पहुँच जाऊँगा।,Mujhe ummeed hai ki main aaj shaam vahan pahunch jaunga.,నేను ఈ సాయంత్రం అక్కడికి చేరుకుంటానని ఆశిస్తున్నాను.
We generally sing songs all together.,हम आमतौर पर सब मिलकर गाने गाते हैं।,Hum aamtaur par sab milkar gaane gaate hain.,మేము సాధారణంగా అందరం కలిసి పాటలు పాడుతాము.
She felt bad about constantly complaining about her friends but they were driving her insane.,"उसे अपने दोस्तों की लगातार शिकायत करने पर बुरा लग रहा था, लेकिन वे उसे पागल कर रहे थे।","Use apne doston ki lagatar shikayat karne par bura lag raha tha, lekin ve use pagal kar rahe the.","తన స్నేహితుల గురించి నిరంతరం ఫిర్యాదు చేయడం ఆమెకు బాధ కలిగించింది, కానీ వారు ఆమెను పిచ్చివాళ్లను చేస్తున్నారు."
"She sat next to a mom with a baby on the train, and the baby threw up on her.","वह ट्रेन में एक बच्चे के साथ बैठी माँ के बगल में बैठी थी, और बच्चे ने उस पर उल्टी कर दी।","Vah train mein ek bachche ke sath baithi maa ke bagal mein baithi thi, aur bachche ne us par ulti kar di.","ఆమె రైలులో ఒక చిన్న పిల్లాడితో ఉన్న తల్లి పక్కన కూర్చుంది, ఆ పిల్లాడు ఆమెపై వాంతి చేసుకున్నాడు."
He wanted to go for a walk but it was too cold to go outside.,वह टहलने जाना चाहता था लेकिन बाहर बहुत ठंड थी।,Vah tahalne jana chahta tha lekin bahar bahut thand thi.,అతను నడవడానికి వెళ్లాలనుకున్నాడు కానీ బయట చాలా చలిగా ఉంది.
"In Japan, there is no lake bigger than Lake Biwa.","जापान में, बीवा झील से बड़ी कोई झील नहीं है।","Japan mein, Biwa jheel se badi koi jheel nahi hai.","జపాన్‌లో, బివా సరస్సు కంటే పెద్ద సరస్సు ఏదీ లేదు."
I'm always late and I don't care.,मैं हमेशा देर से आता हूँ और मुझे इसकी परवाह नहीं है।,Main hamesha der se aata hoon aur mujhe iski parvah nahi hai.,నేను ఎప్పుడూ ఆలస్యంగా వస్తాను మరియు నాకు అస్సలు పట్టింపు లేదు.
Grief is a ritual.,दुःख एक अनुष्ठान है।,Dukh ek anushthan hai.,దుఃఖం ఒక ఆచారం.
Peter ate french fries.,पीटर ने फ्रेंच फ्राइज़ खाई।,Peter ne french fries khai.,పీటర్ ఫ్రెంచ్ ఫ్రైస్ తిన్నాడు.
"It's a big country, Tom.","यह एक बड़ा देश है, टॉम।","Yeh ek bada desh hai, Tom.","ఇది చాలా పెద్ద దేశం, టామ్."
"She got Taco Bell for lunch to try to cheer herself up, but it only made her more upset.","उसने खुद को खुश करने के लिए दोपहर के भोजन में टैको बेल लिया, लेकिन इससे वह और अधिक परेशान हो गई।","Usne khud ko khush karne ke liye dopahar ke bhojan mein Taco Bell liya, lekin isse vah aur adhik pareshan ho gayi.","ఆమె తన మూడ్‌ని బాగు చేసుకోవడానికి లంచ్‌కి టాకో బెల్ తెప్పించుకుంది, కానీ అది ఆమెను మరింత బాధపెట్టింది."
There's a big bottle of aspirin in the medicine cabinet.,दवाओं की अलमारी में एस्पिरिन की एक बड़ी बोतल है।,Davaon ki almari mein aspirin ki ek badi botal hai.,మెడిసిన్ క్యాబినెట్‌లో ఆస్పిరిన్ పెద్ద బాటిల్ ఉంది.
The clock was ticking and kept me awake all night.,घड़ी की टिक-टिक ने मुझे पूरी रात जगाए रखा।,Ghadi ki tik-tik ne mujhe poori raat jagaye rakha.,గడియారం టిక్ టిక్ మంటూ నన్ను రాత్రంతా నిద్రపోనివ్వలేదు.
Judith Jarvis Thompson is the best philosopher of all time.,जूडिथ जार्विस थॉम्पसन अब तक की सबसे बेहतरीन दार्शनिक हैं।,Judith Jarvis Thompson ab tak ki sabse behtareen darshanik hain.,జూడిత్ జార్విస్ థాంప్సన్ అన్ని కాలాలలోకెల్లా అత్యుత్తమ తత్వవేత్త.
He said the telegram had arrived at noon.,उसने कहा कि टेलीग्राम दोपहर में आ गया था।,Usne kaha ki telegram dopahar mein aa gaya tha.,టెలిగ్రామ్ మధ్యాహ్నమే వచ్చిందని అతను చెప్పాడు.
"She liked the wallpaper in her room, but her mom insisted they remove it and put up paint instead.","उसे अपने कमरे का वॉलपेपर पसंद था, लेकिन उसकी माँ ने जोर दिया कि वे इसे हटाकर पेंट करवा लें।","Use apne kamre ka wallpaper pasand tha, lekin uski maa ne zor diya ki ve ise hatakar paint karva lein.","ఆమెకు తన గదిలోని వాల్‌పేపర్ నచ్చింది, కానీ ఆమె తల్లి దాన్ని తీసేసి పెయింట్ వేయించాలని పట్టుబట్టింది."
He was a horrible dancer.,वह बहुत बुरा डांसर था।,Vah bahut bura dancer tha.,అతను చాలా చెత్తగా డ్యాన్స్ చేసేవాడు.
"That's a great job, Kimberly.","यह बहुत अच्छा काम है, किम्बर्ली।","Yeh bahut achha kaam hai, Kimberly.","అది చాలా గొప్ప పని, కింబర్లీ."
I don't care how long your socks are.,मुझे परवाह नहीं है कि तुम्हारे मोज़े कितने लंबे हैं।,Mujhe parvah nahi hai ki tumhare moze kitne lambe hain.,నీ సాక్సులు ఎంత పొడవు ఉన్నాయో నాకు అనవసరం.
Aluminum helps to keep your food fresh for longer.,एल्युमीनियम आपके भोजन को लंबे समय तक ताज़ा रखने में मदद करता है।,Aluminum aapke bhojan ko lambe samay tak taza rakhne mein madad karta hai.,అల్యూమినియం మీ ఆహారాన్ని ఎక్కువ కాలం తాజాగా ఉంచడానికి సహాయపడుతుంది.
Technology makes us forget our past.,तकनीक हमें अपना अतीत भुला देती है।,Takneek humein apna ateet bhula deti hai.,సాంకేతికత మన గతాన్ని మర్చిపోయేలా చేస్తోంది.
"At the coffee shop, she couldn't tell if they were annoyed with her or not.","कॉफी शॉप पर, वह समझ नहीं पा रही थी कि वे उससे परेशान थे या नहीं।","Coffee shop par, vah samajh nahi pa rahi thi ki ve usse pareshan the ya nahi.","కాఫీ షాపులో, వారు తనపై విసుగ్గా ఉన్నారో లేదో ఆమెకు అర్థం కాలేదు."
I accidentally left my money in my pants pocket and it got ruined in the washer.,मैंने गलती से अपने पैसे पैंट की जेब में छोड़ दिए थे और वे वॉशिंग मशीन में खराब हो गए।,Maine galti se apne paise pant ki jeb mein chhod diye the aur ve washing machine mein kharab ho gaye.,"నేను పొరపాటున నా డబ్బును ప్యాంటు జేబులోనే వదిలేశాను, అది వాషింగ్ మెషీన్‌లో పాడైపోయింది."
"The girl had very long, very pretty hair and round glasses.",उस लड़की के बाल बहुत लंबे और बहुत सुंदर थे और उसने गोल चश्मा पहना था।,Us ladki ke baal bahut lambe aur bahut sundar the aur usne gol chashma pehna tha.,"ఆ అమ్మాయికి చాలా పొడవైన, అందమైన జుట్టు మరియు గుండ్రని కళ్లద్దాలు ఉన్నాయి."
Chocolate covered crickets were his favorite snack.,चॉकलेट में लिपटे झींगुर उसका पसंदीदा नाश्ता थे।,Chocolate mein lipte jhingur uska pasandida nashta the.,చాక్లెట్ కప్పబడిన మిడతలు అతని ఇష్టమైన చిరుతిండి.
"The secret code they created made no sense, even to them.","उन्होंने जो गुप्त कोड बनाया था, उसका कोई मतलब नहीं था, यहाँ तक कि उन्हें भी समझ नहीं आया।","Unhone jo gupt code banaya tha, uska koi matlab nahi tha, yahan tak ki unhe bhi samajh nahi aaya.","వారు సృష్టించిన రహస్య కోడ్‌కు ఎటువంటి అర్థం లేదు, అది వారికి కూడా అర్థం కాలేదు."
"Three years later, the coffin was still full of Jello.","तीन साल बाद भी, ताबूत जेली से भरा हुआ था।","Teen saal baad bhi, taboot jelly se bhara hua tha.","మూడేళ్ల తర్వాత కూడా, శవపేటిక జెల్లీతో నిండి ఉంది."
His mind was blown that there was nothing in space except space itself.,वह यह जानकर हैरान रह गया कि अंतरिक्ष में अंतरिक्ष के अलावा कुछ भी नहीं है।,Vah yeh jaankar hairan reh gaya ki antariksh mein antariksh ke alava kuch bhi nahi hai.,అంతరిక్షంలో అంతరిక్షం తప్ప మరేమీ లేదని తెలిసి అతను ఆశ్చర్యపోయాడు.
They're playing the piano while flying in the plane.,वे हवाई जहाज में उड़ते समय पियानो बजा रहे हैं।,Ve hawai jahaz mein udte samay piano baja rahe hain.,వారు విమానంలో ప్రయాణిస్తున్నప్పుడు పియానో వాయిస్తున్నారు.
The hand sanitizer was actually clear glue.,हैंड सैनिटाइज़र असल में पारदर्शी गोंद था।,Hand sanitizer asal mein pardarshi gond tha.,హ్యాండ్ శానిటైజర్ నిజానికి పారదర్శకమైన జిగురు.
The lyrics of the song sounded like fingernails on a chalkboard.,गाने के बोल ऐसे लग रहे थे जैसे ब्लैकबोर्ड पर नाखून रगड़े जा रहे हों।,Gaane ke bol aise lag rahe the jaise blackboard par nakhun ragde ja rahe hon.,ఆ పాటలోని సాహిత్యం బ్లాక్‌బోర్డ్‌పై గోళ్లతో గీకినట్లుగా అనిపించింది.
It took him a month to finish the meal.,उसे खाना खत्म करने में एक महीना लग गया।,Use khana khatam karne mein ek mahina lag gaya.,ఆ భోజనాన్ని పూర్తి చేయడానికి అతనికి ఒక నెల పట్టింది.
"Seek success, but always be prepared for random cats.","सफलता की तलाश करें, लेकिन हमेशा अचानक आने वाली बिल्लियों के लिए तैयार रहें।","Safalta ki talash karein, lekin hamesha achanak aane wali billiyon ke liye taiyaar rahein.","విజయం కోసం ప్రయత్నించండి, కానీ ఎప్పుడూ అకస్మాత్తుగా వచ్చే పిల్లుల కోసం సిద్ధంగా ఉండండి."
Having no hair made him look even hairier.,बाल न होने के कारण वह और भी अधिक बालों वाला लग रहा था।,Baal na hone ke karan vah aur bhi adhik baalon vala lag raha tha.,జుట్టు లేకపోవడం వల్ల అతను ఇంకా ఎక్కువ జుట్టు ఉన్నవాడిలా కనిపించాడు.
He poured rocks in the dungeon of his mind.,उसने अपने मन की कालकोठरी में पत्थर डाल दिए।,Usne apne mann ki kaalkothri mein patthar daal diye.,అతను తన మనస్సు అనే చెరసాలలో రాళ్లను పోశాడు.
The blue parrot drove by the hitchhiking mongoose.,नीला तोता लिफ्ट मांग रहे नेवले के पास से गाड़ी चलाकर गुजरा।,Neela tota lift maang rahe nevle ke paas se gaadi chalakar guzra.,నీలిరంగు చిలుక లిఫ్ట్ అడుగుతున్న ముంగిస పక్కనుండి కారులో వెళ్ళింది.
Happiness can be found in the depths of chocolate pudding.,खुशी चॉकलेट पुडिंग की गहराइयों में पाई जा सकती है।,Khushi chocolate pudding ki gehraiyon mein payi ja sakti hai.,చాక్లెట్ పుడ్డింగ్ లోతుల్లో ఆనందాన్ని కనుగొనవచ్చు.
There are no heroes in a punk rock band.,पंक रॉक बैंड में कोई नायक नहीं होते।,Punk rock band mein koi nayak nahi hote.,పంక్ రాక్ బ్యాండ్‌లో హీరోలు ఎవరూ ఉండరు.
He shaved the peach to prove a point.,उसने अपनी बात साबित करने के लिए आड़ू को छील दिया।,Usne apni baat saabit karne ke liye aadoo ko chheel diya.,తన వాదనను నిరూపించడానికి అతను పీచు పండును గీకేశాడు.
"Peanuts don't grow on trees, but cashews do.","मूंगफली पेड़ों पर नहीं उगती, लेकिन काजू उगते हैं।","Moongfali pedon par nahi ugti, lekin kaju ugte hain.","వేరుశెనగలు చెట్లపై పండవు, కానీ జీడిపప్పు పండుతుంది."
It's difficult to understand the lengths he'd go to remain short.,"छोटा बने रहने के लिए वह किस हद तक जा सकता है, यह समझना मुश्किल है।","Chhota bane rehne ke liye vah kis had tak ja sakta hai, yeh samajhna mushkil hai.",పొట్టిగా ఉండటానికి అతను ఎంతటి ప్రయత్నాలు చేస్తాడో అర్థం చేసుకోవడం కష్టం.
He created a pig burger out of beef.,उसने बीफ से पिग बर्गर बनाया।,Usne beef se pig burger banaya.,అతను బీఫ్‌తో పిగ్ బర్గర్‌ను తయారు చేశాడు.
His thought process was on so many levels that he gave himself a phobia of heights.,उसकी सोचने की प्रक्रिया इतने स्तरों पर थी कि उसे ऊंचाइयों से डर लगने लगा।,Uski sochne ki prakriya itne staron par thi ki use unchaiyon se dar lagne laga.,అతని ఆలోచనా విధానం చాలా స్థాయిలలో ఉండటం వల్ల అతనికి ఎత్తు అంటే భయం మొదలైంది.
He liked to play with words in the bathtub.,उसे बाथटब में शब्दों के साथ खेलना पसंद था।,Use bathtub mein shabdon ke saath khelna pasand tha.,అతనికి బాత్‌టబ్‌లో ఉన్నప్పుడు పదాలతో ఆడుకోవడం ఇష్టం.
There were three sphered rocks congregating in a cubed room.,एक घनाकार कमरे में तीन गोलाकार चट्टानें इकट्ठी थीं।,Ek ghanakar kamre mein teen golakar chattanein ikatthi thin.,ఒక ఘనాకార గదిలో మూడు గోళాకారపు రాళ్లు గుమిగూడి ఉన్నాయి.
There was no telling what thoughts would come from the machine.,यह बताना मुश्किल था कि मशीन से क्या विचार आएंगे।,Yeh batana mushkil tha ki machine se kya vichar aayenge.,ఆ యంత్రం నుండి ఎలాంటి ఆలోచనలు వస్తాయో చెప్పలేము.
He put heat on the wound to see what would grow.,उसने घाव पर गर्मी दी ताकि देख सके कि क्या उगता है।,Usne ghav par garmi di taki dekh sake ki kya ugta hai.,ఏమి పెరుగుతుందో చూడటానికి అతను గాయంపై వేడిని ఉంచాడు.
She used her own hair in the soup to give it more flavor.,उसने सूप में स्वाद बढ़ाने के लिए अपने ही बालों का इस्तेमाल किया।,Usne soup mein swad badhane ke liye apne hi baalon ka istemaal kiya.,సూప్‌కు మరింత రుచిని ఇవ్వడానికి ఆమె తన సొంత జుట్టును అందులో వేసింది.
Sometimes you have to just give up and win by cheating.,कभी-कभी आपको बस हार मान लेनी चाहिए और धोखाधड़ी करके जीतना चाहिए।,Kabhi-kabhi aapko bas haar maan leni chahiye aur dhokhadhadi karke jeetna chahiye.,కొన్నిసార్లు మీరు వదిలేసి మోసం చేసి గెలవాల్సి ఉంటుంది.
She was amazed by the large chunks of ice washing up on the beach.,वह समुद्र तट पर बहकर आए बर्फ के बड़े टुकड़ों को देखकर हैरान थी।,Vah samudra tat par behkar aaye barf ke bade tukdon ko dekhkar hairan thi.,సముద్ర తీరానికి కొట్టుకొచ్చిన మంచు ముక్కలను చూసి ఆమె ఆశ్చర్యపోయింది.
Gary didn't understand why Doug went upstairs to get one dollar bills when he invited him to go cow tipping.,"गैरी को समझ नहीं आया कि जब उसने डग को गाय पलटने के लिए बुलाया, तो वह एक डॉलर के नोट लेने ऊपर क्यों गया।","Gary ko samajh nahi aaya ki jab usne Doug ko gaay palatne ke liye bulaya, toh vah ek dollar ke note lene upar kyon gaya.","డగ్‌ను ఆవులను పడగొట్టడానికి రమ్మని పిలిచినప్పుడు, అతను ఒక డాలర్ నోట్ల కోసం పైకి ఎందుకు వెళ్లాడో గ్యారీకి అర్థం కాలేదు."
The beach was crowded with snow leopards.,समुद्र तट हिम तेंदुओं से भरा हुआ था।,Samudra tat him tenduon se bhara hua tha.,సముద్ర తీరం మంచు చిరుతపులులతో నిండిపోయింది.
"As the asteroid hurtled toward earth, Becky was upset her dentist appointment had been canceled.","जैसे ही क्षुद्रग्रह पृथ्वी की ओर बढ़ा, बेकी इस बात से परेशान थी कि उसकी डेंटिस्ट की अपॉइंटमेंट रद्द हो गई थी।","Jaise hi kshudragrah prithvi ki or badha, Becky is baat se pareshan thi ki uski dentist ki appointment radd ho gayi thi.","గ్రహశకలం భూమి వైపు దూసుకువస్తుండగా, తన డెంటిస్ట్ అపాయింట్‌మెంట్ రద్దయినందుకు బెక్కీ చాలా బాధపడింది."
She looked at the masterpiece hanging in the museum but all she could think is that her five-year-old could do better.,"उसने संग्रहालय में लटकी उत्कृष्ट कृति को देखा, लेकिन वह बस यही सोच रही थी कि उसका पाँच साल का बच्चा इससे बेहतर कर सकता है।","Usne sangrahalaya mein latki utkrisht kriti ko dekha, lekin vah bas yahi soch rahi thi ki uska paanch saal ka bachcha isse behtar kar sakta hai.","మ్యూజియంలో వేలాడుతున్న ఆ అద్భుత కళాఖండాన్ని చూసి, తన ఐదేళ్ల బాబు అంతకంటే బాగా గీయగలడని ఆమె అనుకుంది."
The white water rafting trip was suddenly halted by the unexpected brick wall.,अचानक आई ईंट की दीवार के कारण व्हाइट वॉटर राफ्टिंग की यात्रा रुक गई।,Achanak aayi eent ki deewar ke karan white water rafting ki yatra ruk gayi.,అకస్మాత్తుగా అడ్డుగా వచ్చిన ఇటుక గోడ వల్ల వైట్ వాటర్ రాఫ్టింగ్ ప్రయాణం ఆగిపోయింది.
She always had an interesting perspective on why the world must be flat.,"दुनिया चपटी क्यों होनी चाहिए, इस पर उसका नज़रिया हमेशा दिलचस्प रहा है।","Duniya chapti kyon honi chahiye, is par uska nazariya hamesha dilchasp raha hai.",ప్రపంచం ఎందుకు చదునుగా ఉండాలి అనే దానిపై ఆమెకు ఎప్పుడూ ఆసక్తికరమైన అభిప్రాయం ఉండేది.
There are many things that confuse me about that.,ऐसी बहुत सी चीजें हैं जो मुझे उस बारे में उलझन में डालती हैं।,Aisi bahut si cheezein hain jo mujhe us baare mein uljhan mein daalti hain.,ఆ విషయంలో నన్ను అయోమయానికి గురిచేసే విషయాలు చాలా ఉన్నాయి.
He is my grandfather.,वह मेरे दादाजी हैं।,Vah mere dadaji hain.,ఆయన నా తాతయ్య.
You shouldn't go swimming after eating a big meal.,भरपेट खाना खाने के बाद आपको तैरने नहीं जाना चाहिए।,Bharpet khana khane ke baad aapko tairne nahi jaana chahiye.,భారీగా భోజనం చేసిన తర్వాత ఈత కొట్టడానికి వెళ్లకూడదు.
They have a big lunch and a small dinner.,वे दोपहर का खाना भारी और रात का खाना हल्का खाते हैं।,Ve dopahar ka khana bhaari aur raat ka khana halka khate hain.,"వారు మధ్యాహ్నం భారీగా, రాత్రి తక్కువగా భోజనం చేస్తారు."
She attended kindergarten in 2013.,उसने 2013 में किंडरगार्टन की पढ़ाई की थी।,Usne 2013 mein kindergarten ki padhai ki thi.,ఆమె 2013లో కిండర్ గార్టెన్ చదువుకుంది.
I’m taking a little road trip to Oklahoma City this morning.,मैं आज सुबह ओक्लाहोमा सिटी के लिए एक छोटी सी रोड ट्रिप पर जा रहा हूँ।,Main aaj subah Oklahoma City ke liye ek chhoti si road trip par ja raha hoon.,నేను ఈరోజు ఉదయం ఓక్లహోమా సిటీకి చిన్న రోడ్ ట్రిప్ వెళ్తున్నాను.
He admitted defeat.,उसने हार मान ली।,Usne haar maan li.,అతను ఓటమిని అంగీకరించాడు.
"You, as the maker, get to decide the design.","निर्माता के रूप में, डिज़ाइन तय करना आपका काम है।","Nirmata ke roop mein, design tay karna aapka kaam hai.","తయారీదారుగా, డిజైన్‌ను నిర్ణయించే అధికారం మీదే."
"She thought she was very special, and not like other girls.","उसे लगता था कि वह बहुत खास है, और दूसरी लड़कियों जैसी नहीं है।","Use lagta tha ki vah bahut khaas hai, aur dusri ladkiyon jaisi nahi hai.","తాను చాలా ప్రత్యేకమని, ఇతర అమ్మాయిల లాంటిదాన్ని కాదని ఆమె భావించింది."
The man at the coffeeshop had been sitting there alone for some time before he was joined by a very beautiful woman.,"कॉफ़ी शॉप में वह आदमी कुछ समय से अकेला बैठा था, इससे पहले कि एक बहुत सुंदर महिला उसके पास आकर बैठी।","Coffee shop mein vah aadmi kuch samay se akela baitha tha, isse pehle ki ek bahut sundar mahila uske paas aakar baithi.",కాఫీ షాపులో ఆ వ్యక్తి ఒక అందమైన మహిళ వచ్చి తనతో చేరడానికి ముందు కొంత సమయం ఒంటరిగా కూర్చున్నాడు.
I do not want to smoke.,मैं धूम्रपान नहीं करना चाहता।,Main dhoomrapan nahi karna chahta.,నేను ధూమపానం చేయాలనుకోవడం లేదు.
Those are big watermelons.,वे बड़े तरबूज हैं।,Ve bade tarbooj hain.,అవి పెద్ద పుచ్చకాయలు.
We shall devote today’s lesson to the study of the English verb ‘to get’.,हम आज का पाठ अंग्रेज़ी क्रिया 'टू गेट' के अध्ययन के लिए समर्पित करेंगे।,Hum aaj ka paath angrezi kriya 'to get' ke adhyayan ke liye samarpit karenge.,ఈరోజు పాఠాన్ని ఇంగ్లీష్ క్రియ 'టు గెట్' అధ్యయనానికి కేటాయిద్దాం.
There’s not much chance of that actually happening.,ऐसा वास्तव में होने की संभावना बहुत कम है।,Aisa vastav mein hone ki sambhavna bahut kam hai.,అది నిజంగా జరిగే అవకాశం చాలా తక్కువ.
You are more than just your shopping cart.,आप सिर्फ अपनी शॉपिंग कार्ट से कहीं बढ़कर हैं।,Aap sirf apni shopping cart se kahin badhkar hain.,మీరు మీ షాపింగ్ కార్ట్ కంటే ఎంతో ఎక్కువ.
"She had always harbored a secret jealousy for Youtubers, even those who appeared outwardly dumb and were often mocked on Twitter.","वह हमेशा यूट्यूबर्स से गुप्त रूप से जलती थी, यहाँ तक कि उनसे भी जो बाहर से मूर्ख लगते थे और अक्सर ट्विटर पर मज़ाक उड़ाया जाता था।","Vah hamesha Youtubers se gupt roop se jalti thi, yahan tak ki unse bhi jo bahar se moorkh lagte the aur aksar Twitter par mazak udaya jata tha.","ఆమె ఎప్పుడూ యూట్యూబర్‌ల పట్ల రహస్య అసూయను కలిగి ఉండేది, పైకి తెలివితక్కువగా కనిపించే మరియు తరచుగా ట్విట్టర్‌లో ఎగతాళి చేయబడే వారి పట్ల కూడా."
It makes me forget all my problems.,यह मुझे मेरी सारी परेशानियाँ भुला देता है।,Yeh mujhe meri saari pareshaniyan bhula deta hai.,ఇది నా సమస్యలన్నింటినీ మర్చిపోయేలా చేస్తుంది.
He bonded with his father over music.,संगीत के माध्यम से उसका अपने पिता के साथ रिश्ता गहरा हुआ।,Sangeet ke madhyam se uska apne pita ke saath rishta gehra hua.,సంగీతం ద్వారా అతను తన తండ్రితో మంచి అనుబంధాన్ని ఏర్పరచుకున్నాడు.
"She paid over a thousand dollars a month for her tiny studio apartment, which did not have a dishwasher or consistent heating.","वह अपने छोटे से स्टूडियो अपार्टमेंट के लिए महीने के एक हजार डॉलर से अधिक देती थी, जिसमें न तो डिशवॉशर था और न ही ठीक से हीटिंग की सुविधा।","Vah apne chhote se studio apartment ke liye mahine ke ek hazaar dollar se adhik deti thi, jisme na toh dishwasher tha aur na hi theek se heating ki suvidha.","ఆమె తన చిన్న స్టూడియో అపార్ట్‌మెంట్ కోసం నెలకు వెయ్యి డాలర్లకు పైగా చెల్లించేది, అందులో డిష్‌వాషర్ లేదా సరైన హీటింగ్ సౌకర్యం లేదు."
There is a lot of crime in big cities.,बड़े शहरों में बहुत अपराध होता है।,Bade shahron mein bahut apradh hota hai.,పెద్ద నగరాల్లో నేరాలు ఎక్కువగా ఉంటాయి.
"With these headphones, I can't hear anything.","इन हेडफ़ोन के साथ, मुझे कुछ भी सुनाई नहीं देता।","In headphones ke saath, mujhe kuch bhi sunai nahi deta.","ఈ హెడ్‌ఫోన్‌లతో, నాకు ఏమీ వినిపించడం లేదు."
"She wanted her grandmother's old bike, but the tires were worn out and she couldn't find a shop that could replace them.","उसे अपनी दादी की पुरानी साइकिल चाहिए थी, लेकिन टायर घिस चुके थे और उसे ऐसी कोई दुकान नहीं मिली जो उन्हें बदल सके।","Use apni dadi ki purani cycle chahiye thi, lekin tyre ghis chuke the aur use aisi koi dukan nahi mili jo unhe badal sake.","ఆమెకు తన అమ్మమ్మ పాత సైకిల్ కావాలి, కానీ టైర్లు అరిగిపోయాయి మరియు వాటిని మార్చగల దుకాణం ఆమెకు దొరకలేదు."
"Today, I met a vampire who liked to eat beets.","आज, मैं एक ऐसे वैम्पायर से मिला जिसे चुकंदर खाना पसंद था।","Aaj, main ek aise vampire se mila jise chukandar khana pasand tha.","ఈరోజు, నేను బీట్‌రూట్ తినడం ఇష్టపడే ఒక వాంపైర్‌ను కలిశాను."
Alex works for 4 hours every day.,एलेक्स हर दिन 4 घंटे काम करता है।,Alex har din 4 ghante kaam karta hai.,అలెక్స్ ప్రతిరోజూ 4 గంటలు పని చేస్తాడు.
I got a smoothie while I was waiting for my plane to arrive.,"जब मैं अपने विमान के आने का इंतज़ार कर रहा था, तब मैंने एक स्मूदी ली।","Jab main apne vimaan ke aane ka intezaar kar raha tha, tab maine ek smoothie li.",నా విమానం వచ్చే వరకు వేచి ఉన్నప్పుడు నేను స్మూతీ తీసుకున్నాను.
The old man liked to watch birds and go hunting for squirrels.,बूढ़े आदमी को पक्षियों को देखना और गिलहरियों का शिकार करना पसंद था।,Budhe aadmi ko pakshiyon ko dekhna aur gilhariyon ka shikar karna pasand tha.,ఆ ముసలి వ్యక్తికి పక్షులను చూడటం మరియు ఉడుతల వేటకి వెళ్లడం అంటే ఇష్టం.
It rather suprised me.,इसने मुझे काफी हैरान कर दिया।,Isne mujhe kaafi hairan kar diya.,ఇది నన్ను చాలా ఆశ్చర్యపరిచింది.
Tom wanted to live in a city like Boston.,टॉम बोस्टन जैसे शहर में रहना चाहता था।,Tom Boston jaise shahar mein rehna chahta tha.,టామ్ బోస్టన్ లాంటి నగరంలో నివసించాలనుకున్నాడు.
The red van was pulling a trailer with a beat-up lawn mower on it.,लाल वैन एक ट्रेलर खींच रही थी जिस पर एक पुरानी घास काटने वाली मशीन लदी थी।,Laal van ek trailer kheench rahi thi jis par ek purani ghaas kaatne wali machine ladi thi.,"ఎర్రటి వ్యాన్ ఒక ట్రైలర్‌ను లాగుతోంది, దానిపై పాడైపోయిన లాన్ మూవర్ ఉంది."
Nobody is out there trying to be happy.,वहाँ बाहर कोई भी खुश रहने की कोशिश नहीं कर रहा है।,Wahan bahar koi bhi khush rehne ki koshish nahi kar raha hai.,అక్కడ బయట ఎవరూ సంతోషంగా ఉండటానికి ప్రయత్నించడం లేదు.
Most of the people who agreed to sell their livers had already sold one of their kidneys.,"जिन लोगों ने अपना लिवर बेचने के लिए सहमति दी थी, उनमें से अधिकांश ने पहले ही अपनी एक किडनी बेच दी थी।","Jin logon ne apna liver bechne ke liye sahamati di thi, unmein se adhikansh ne pehle hi apni ek kidney bech di thi.",తమ కాలేయాలను విక్రయించడానికి అంగీకరించిన వారిలో ఎక్కువ మంది ఇప్పటికే తమ మూత్రపిండాలలో ఒకదానిని విక్రయించారు.
This would be a fun place to get married.,शादी करने के लिए यह एक मजेदार जगह होगी।,Shaadi karne ke liye yeh ek mazedaar jagah hogi.,పెళ్లి చేసుకోవడానికి ఇది ఒక సరదా ప్రదేశం.
The kid had made it his mission to pee in every pool he swam in.,बच्चे ने हर उस पूल में पेशाब करना अपना मिशन बना लिया था जिसमें वह तैरता था।,Bachche ne har us pool mein peshab karna apna mission bana liya tha jismein woh tairta tha.,పిల్లవాడు తాను ఈత కొట్టే ప్రతి పూల్‌లో మూత్ర విసర్జన చేయడాన్ని తన లక్ష్యంగా పెట్టుకున్నాడు.
There is nothing else to do today.,आज करने के लिए और कुछ नहीं है।,Aaj karne ke liye aur kuch nahi hai.,ఈరోజు చేయడానికి ఇంకేమీ లేదు.
She will buy the red sweater.,वह लाल स्वेटर खरीदेगी।,Woh laal sweater khareedegi.,ఆమె ఎర్రటి స్వెట్టర్ కొంటుంది.
She gave me a dirty look.,उसने मुझे गुस्से से देखा।,Usne mujhe gusse se dekha.,ఆమె నన్ను కోపంగా చూసింది.
I just made it.,मैं बस अभी पहुँचा हूँ।,Main bas abhi pahuncha hoon.,నేను ఇప్పుడే చేరుకున్నాను.
The package will arrive six days late.,पार्सल छह दिन की देरी से आएगा।,Parcel chhah din ki deri se aayega.,పార్శిల్ ఆరు రోజులు ఆలస్యంగా వస్తుంది.
He kept telling himself that one day it would all somehow make sense.,वह खुद से कहता रहा कि एक दिन सब कुछ किसी न किसी तरह समझ में आ जाएगा।,Vah khud se kehta raha ki ek din sab kuch kisi na kisi tarah samajh mein aa jayega.,ఒక రోజు ఏదో ఒక విధంగా అంతా అర్థమవుతుందని అతను తనకు తాను చెప్పుకుంటూనే ఉన్నాడు.
She moved forward only because she trusted that the ending she now was going through must be followed by a new beginning.,"वह इसलिए आगे बढ़ी क्योंकि उसे भरोसा था कि जिस अंत से वह अभी गुजर रही है, उसके बाद एक नई शुरुआत जरूर होगी।","Vah isliye aage badhi kyonki use bharosa tha ki jis ant se vah abhi guzar rahi hai, uske baad ek nayi shuruat zaroor hogi.",ఆమె ఇప్పుడు ఎదుర్కొంటున్న ముగింపు తర్వాత ఖచ్చితంగా ఒక కొత్త ఆరంభం ఉంటుందని నమ్మినందుకే ఆమె ముందుకు సాగింది.
"While all her friends were positive that Mary had a sixth sense, she knew she actually had a seventh sense.","जबकि उसके सभी दोस्तों को यकीन था कि मैरी के पास छठी इंद्री है, वह जानती थी कि वास्तव में उसके पास सातवीं इंद्री है।","Jabki uske sabhi doston ko yakeen tha ki Mary ke paas chhathi indri hai, vah jaanti thi ki vastav mein uske paas saatvi indri hai.","మేరీకి ఆరో ఇంద్రియం ఉందని ఆమె స్నేహితులందరూ నమ్మినప్పటికీ, తనకు నిజానికి ఏడో ఇంద్రియం ఉందని ఆమెకు తెలుసు."
He had a wall full of masks so she could wear a different face every day.,उसके पास मुखौटों से भरी एक दीवार थी ताकि वह हर दिन एक अलग चेहरा पहन सके।,Uske paas mukhauton se bhari ek deewar thi taaki vah har din ek alag chehra pehan sake.,ఆమె ప్రతిరోజూ ఒక కొత్త ముఖాన్ని ధరించడానికి వీలుగా అతని దగ్గర ముసుగులతో నిండిన ఒక గోడ ఉంది.
The group quickly understood that toxic waste was the most effective barrier to use against the zombies.,समूह को जल्दी ही समझ आ गया कि ज़ोंबी के खिलाफ इस्तेमाल करने के लिए जहरीला कचरा सबसे प्रभावी बाधा थी।,Samuh ko jaldi hi samajh aa gaya ki zombie ke khilaf istemaal karne ke liye zehreela kachra sabse prabhavi badha thi.,జోంబీలకు వ్యతిరేకంగా విషపూరిత వ్యర్థాలే అత్యంత ప్రభావవంతమైన అడ్డంకి అని ఆ సమూహం త్వరగానే అర్థం చేసుకుంది.
"There have been days when I wished to be separated from my body, but today wasn’t one of those days.","ऐसे दिन भी आए हैं जब मैंने अपने शरीर से अलग होने की कामना की थी, लेकिन आज का दिन वैसा नहीं था।","Aise din bhi aaye hain jab maine apne shareer se alag hone ki kaamna ki thi, lekin aaj ka din vaisa nahi tha.","నా శరీరం నుండి వేరు కావాలని నేను కోరుకున్న రోజులు ఉన్నాయి, కానీ ఈ రోజు అటువంటిది కాదు."
"To the surprise of everyone, the Rapture happened yesterday but it didn't quite go as expected.","सभी को आश्चर्यचकित करते हुए, कल 'रैप्चर' हुआ लेकिन यह उम्मीद के मुताबिक नहीं हुआ।","Sabhi ko aasharyachakit karte hue, kal 'Rapture' hua lekin yah ummeed ke mutabik nahi hua.","అందరినీ ఆశ్చర్యపరుస్తూ, నిన్న 'రాప్చర్' జరిగింది కానీ అది అనుకున్నట్లుగా జరగలేదు."
The bullet pierced the window shattering it before missing Danny's head by mere millimeters.,गोली खिड़की को तोड़ते हुए आर-पार निकल गई और डैनी के सिर से कुछ ही मिलीमीटर की दूरी से चूक गई।,Goli khidki ko todte hue aar-paar nikal gayi aur Danny ke sir se kuch hi millimeter ki doori se chook gayi.,"ఆ బుల్లెట్ కిటికీని పగులగొట్టుకుంటూ దూసుకెళ్లి, డ్యాని తలకు కేవలం కొన్ని మిల్లీమీటర్ల దూరంలో తృటిలో తప్పింది."
The complicated school homework left the parents trying to help their kids quite confused.,स्कूल के जटिल होमवर्क ने अपने बच्चों की मदद करने की कोशिश कर रहे माता-पिता को काफी भ्रमित कर दिया।,School ke jatil homework ne apne bachchon ki madad karne ki koshish kar rahe mata-pita ko kaafi bhramit kar diya.,"స్కూల్ యొక్క సంక్లిష్టమైన హోంవర్క్, తమ పిల్లలకు సహాయం చేయడానికి ప్రయత్నిస్తున్న తల్లిదండ్రులను చాలా గందరగోళానికి గురిచేసింది."
Too many prisons have become early coffins.,बहुत सारी जेलें समय से पहले कब्रगाह बन गई हैं।,Bahut sari jailein samay se pehle kabragah ban gayi hain.,చాలా జైళ్లు అకాల మరణానికి నిలయాలుగా మారాయి.
I often wish for good luck and receive bad luck.,मैं अक्सर अच्छी किस्मत की कामना करता हूँ और मुझे बुरी किस्मत मिलती है।,Main aksar achhi kismat ki kamna karta hoon aur mujhe buri kismat milti hai.,నేను తరచుగా అదృష్టం కోసం కోరుకుంటాను కానీ నాకు దురదృష్టమే ఎదురవుతుంది.
I got a new cat.,मुझे एक नई बिल्ली मिली है।,Mujhe ek nayi billi mili hai.,నాకు ఒక కొత్త పిల్లి వచ్చింది.
I was born a very grumpy baby.,मैं पैदा होते ही बहुत चिड़चिड़ा बच्चा था।,Main paida hote hi bahut chidchida bachcha tha.,నేను పుట్టినప్పుడే చాలా కోపంగా ఉండే శిశువును.
These dogs are so sweet.,ये कुत्ते बहुत प्यारे हैं।,Ye kutte bahut pyare hain.,ఈ కుక్కలు చాలా ముద్దుగా ఉన్నాయి.
You need therapy.,तुम्हें थेरेपी की जरूरत है।,Tumhein therapy ki zaroorat hai.,నీకు థెరపీ అవసరం.
The price just covers the pre-tax cost.,कीमत केवल टैक्स-पूर्व लागत को कवर करती है।,Keemat keval tax-poorv lagat ko cover karti hai.,ఈ ధర కేవలం పన్నుకు ముందు ఉన్న ఖర్చును మాత్రమే కవర్ చేస్తుంది.
Utensils are useful.,बर्तन उपयोगी होते हैं।,Bartan upyogi hote hain.,పాత్రలు ఉపయోగకరంగా ఉంటాయి.
She knew as soon as she rejected the job that it was the wrong decision to make.,नौकरी ठुकराते ही उसे पता चल गया था कि यह गलत फैसला था।,Naukri thukrate hi use pata chal gaya tha ki yeh galat faisla tha.,ఆ ఉద్యోగాన్ని తిరస్కరించిన వెంటనే అది తప్పుడు నిర్ణయమని ఆమెకు తెలిసిపోయింది.
"As a kid, she thought that dinosaurs were still alive and lived in the woods behind her house.","बचपन में, उसे लगता था कि डायनासोर अभी भी जीवित हैं और उसके घर के पीछे के जंगल में रहते हैं।","Bachpan mein, use lagta tha ki dinosaur abhi bhi jeevit hain aur uske ghar ke peeche ke jungle mein rehte hain.","చిన్నతనంలో, డైనోసార్‌లు ఇంకా బతికే ఉన్నాయని మరియు తన ఇంటి వెనుక ఉన్న అడవిలో నివసిస్తున్నాయని ఆమె అనుకునేది."
"In Shanghai, there is a tower called the Pearl Tower which has a big round base and a pointed tip.","शंघाई में, पर्ल टॉवर नाम का एक टॉवर है जिसका आधार बड़ा और गोल है और सिरा नुकीला है।","Shanghai mein, Pearl Tower naam ka ek tower hai jiska aadhar bada aur gol hai aur sira nukila hai.","షాంఘైలో, పెర్ల్ టవర్ అని పిలువబడే ఒక టవర్ ఉంది, దీనికి పెద్ద గుండ్రని పునాది మరియు పదునైన కొన ఉంటుంది."
She found a cool vintage sweatshirt while thrifting.,पुरानी चीजों की दुकान पर उसे एक शानदार विंटेज स्वेटशर्ट मिली।,Purani cheezon ki dukan par use ek shandaar vintage sweatshirt mili.,పాత వస్తువుల దుకాణంలో ఆమెకు ఒక మంచి వింటేజ్ స్వెట్‌షర్ట్ దొరికింది.
I'll make a list and give it to Samantha.,मैं एक सूची बनाऊंगा और उसे सामंथा को दे दूंगा।,Main ek soochi banaunga aur use Samantha ko de dunga.,నేను ఒక జాబితాను తయారు చేసి సమంతకు ఇస్తాను.
She got bent out of shape.,वह बहुत नाराज हो गई।,Vah bahut naraz ho gayi.,ఆమె చాలా కోపంగా ఉంది.
Therapy seems helpful.,थेरेपी मददगार लगती है।,Therapy madadgar lagti hai.,థెరపీ సహాయకరంగా అనిపిస్తుంది.
I bought these boots at Goodwill.,मैंने ये जूते गुडविल से खरीदे हैं।,Maine ye joote Goodwill se khareede hain.,నేను ఈ బూట్లను గుడ్‌విల్‌లో కొన్నాను.
"He is tough, but I am even tougher.","वह सख्त है, लेकिन मैं उससे भी ज्यादा सख्त हूं।","Vah sakht hai, lekin main usse bhi zyada sakht hoon.","అతను కఠినమైనవాడు, కానీ నేను అంతకంటే కఠినమైనదాన్ని."
The external scars tell only part of the story.,बाहरी घाव कहानी का केवल एक हिस्सा बताते हैं।,Bahari ghav kahani ka keval ek hissa batate hain.,బాహ్య గాయాలు కథలో కొంత భాగాన్ని మాత్రమే చెబుతాయి.
Excitement replaced fear until the final moment.,अंतिम क्षण तक उत्साह ने डर की जगह ले ली थी।,Antim kshan tak utsah ne dar ki jagah le li thi.,చివరి క్షణం వరకు భయం స్థానంలో ఉత్సాహం వచ్చింది.
The tattered work gloves speak of the many hours of hard labor he endured throughout his life.,फटे हुए काम के दस्ताने उसके जीवन भर की कड़ी मेहनत के कई घंटों की कहानी बयां करते हैं।,Phate hue kaam ke dastane uske jeevan bhar ki kadi mehnat ke kai ghanton ki kahani bayan karte hain.,చిరిగిన పని గ్లోవ్స్ అతను తన జీవితాంతం చేసిన కఠిన శ్రమను తెలియజేస్తున్నాయి.
The hummingbird's wings blurred while it eagerly sipped the sugar water from the feeder.,हमिंगबर्ड के पंख धुंधले हो गए थे जब वह फीडर से उत्साहपूर्वक चीनी का पानी पी रही थी।,Hummingbird ke pankh dhundhle ho gaye the jab vah feeder se utsahpurvak cheeni ka pani pee rahi thi.,ఫీడర్ నుండి చక్కెర నీటిని ఆత్రంగా తాగుతున్నప్పుడు హమ్మింగ్ బర్డ్ రెక్కలు వేగంగా కదలడం వల్ల మసకగా కనిపించాయి.
Poison ivy grew through the fence they said was impenetrable.,पॉइजन आइवी उस बाड़ के बीच से उग आई जिसे वे अभेद्य कहते थे।,Poison ivy us baad ke beech se ug aayi jise ve abhedya kehte the.,ఎవరూ వెళ్లలేరని చెప్పిన కంచె గుండా పాయిజన్ ఐవీ మొక్క పెరిగింది.
She forgot to water the plant for two months.,वह दो महीने तक पौधे को पानी देना भूल गई।,Vah do mahine tak paudhe ko pani dena bhool gayi.,ఆమె రెండు నెలల పాటు మొక్కకు నీళ్లు పోయడం మర్చిపోయింది.
This car is in good condition.,यह कार अच्छी स्थिति में है।,Yeh car achhi sthiti mein hai.,ఈ కారు మంచి స్థితిలో ఉంది.
"The tape was so sticky that, when it got stuck to my eyebrows, it wouldn't come off.","टेप इतना चिपचिपा था कि जब वह मेरी भौंहों पर चिपक गया, तो वह निकल ही नहीं रहा था।","Tape itna chipchipa tha ki jab vah meri bhaunhon par chipak gaya, toh vah nikal hi nahi raha tha.","ఆ టేపు ఎంత జిగటగా ఉందంటే, అది నా కనుబొమ్మలకు అంటుకున్నప్పుడు అస్సలు ఊడలేదు."
I am Loki.,मैं लोकी हूँ।,Main Loki hoon.,నేను లోకిని.
She is my grandmother.,वह मेरी दादी/नानी हैं।,Vah meri dadi/nani hain.,ఆమె నా అమ్మమ్మ/నాయనమ్మ.
It’s as flat as a pancake.,यह बिल्कुल सपाट है।,Yeh bilkul sapaat hai.,ఇది అప్పడంలా చాలా చదునుగా ఉంది.
I like rice and beans for dinner.,मुझे रात के खाने में चावल और बीन्स पसंद हैं।,Mujhe raat ke khane mein chawal aur beans pasand hain.,నాకు రాత్రి భోజనంలో అన్నం మరియు బీన్స్ అంటే ఇష్టం.
No burglar would ever have the heart to hurt a pet pig.,किसी भी चोर में पालतू सुअर को चोट पहुँचाने की हिम्मत नहीं होगी।,Kisi bhi chor mein paaltu suar ko chot pahunchane ki himmat nahi hogi.,ఏ దొంగ కూడా పెంపుడు పందిని గాయపరచడానికి మనసు రాదు.
I had a bad feeling the morning after drinking too much.,बहुत ज़्यादा पीने के अगली सुबह मुझे बहुत बुरा महसूस हो रहा था।,Bahut zyada peene ke agli subah mujhe bahut bura mehsoos ho raha tha.,ఎక్కువగా తాగిన మరుసటి రోజు ఉదయం నాకు చాలా అసౌకర్యంగా అనిపించింది.
He had always wanted to be a Youtuber but never thought it would actually happen.,वह हमेशा से यूट्यूबर बनना चाहता था लेकिन उसने कभी नहीं सोचा था कि ऐसा वास्तव में होगा।,Vah hamesha se YouTuber banna chahta tha lekin usne kabhi nahi socha tha ki aisa vastav mein hoga.,అతను ఎప్పుడూ యూట్యూబర్ కావాలనుకున్నాడు కానీ అది నిజంగా జరుగుతుందని ఎప్పుడూ అనుకోలేదు.
I like veggies too.,मुझे भी सब्जियां पसंद हैं।,Mujhe bhi sabziyan pasand hain.,నాకు కూడా కూరగాయలు అంటే ఇష్టం.
She’s trying to drown her sorrows.,वह अपने दुखों को भुलाने की कोशिश कर रही है।,Vah apne dukhon ko bhulane ki koshish kar rahi hai.,ఆమె తన బాధలను మర్చిపోవడానికి ప్రయత్నిస్తోంది.
His shirt is covered in sweat.,उसकी शर्ट पसीने से तर-बतर है।,Uski shirt paseene se tar-batar hai.,అతని చొక్కా చెమటతో తడిసిపోయింది.
"The Grand Canyon got snow for the first time in decades, and all the tourists were very excited.","दशकों में पहली बार ग्रैंड कैन्यन में बर्फबारी हुई, और सभी पर्यटक बहुत उत्साहित थे।","Dashakon mein pehli baar Grand Canyon mein barfbaari hui, aur sabhi paryatak bahut utsaahit the.","దశాబ్దాలలో మొదటిసారిగా గ్రాండ్ కాన్యన్‌లో మంచు కురిసింది, మరియు పర్యాటకులందరూ చాలా ఉత్సాహంగా ఉన్నారు."
She has blue eyes.,उसकी आँखें नीली हैं।,Uski aankhein neeli hain.,ఆమె కళ్ళు నీలం రంగులో ఉన్నాయి.
That woman is creepy.,वह औरत डरावनी है।,Vah aurat daravani hai.,ఆమె చాలా వింతగా/భయానకంగా ఉంది.
I wish Star Wars had a happier plot.,काश स्टार वार्स की कहानी थोड़ी और सुखद होती।,Kaash Star Wars ki kahani thodi aur sukhad hoti.,స్టార్ వార్స్ కథ ఇంకా సంతోషకరంగా ఉంటే బాగుండు అనిపిస్తుంది.
Tom stood alone under a clock in the deserted train station.,टॉम सुनसान रेलवे स्टेशन पर एक घड़ी के नीचे अकेला खड़ा था।,Tom sunsan railway station par ek ghadi ke neeche akela khada tha.,టామ్ నిర్మానుష్యమైన రైల్వే స్టేషన్‌లో ఒక గడియారం కింద ఒంటరిగా నిలబడ్డాడు.
We look forward to your visit.,हमें आपकी यात्रा का इंतज़ार रहेगा।,Hamein aapki yatra ka intezar rahega.,మీ రాక కోసం మేము ఎదురుచూస్తున్నాము.
She had a hard time finding laundry detergent when she was traveling.,यात्रा करते समय उसे कपड़े धोने का डिटर्जेंट खोजने में बहुत परेशानी हुई।,Yatra karte samay use kapde dhone ka detergent khojne mein bahut pareshani hui.,ఆమె ప్రయాణం చేస్తున్నప్పుడు బట్టలు ఉతికే డిటర్జెంట్ దొరకడం కష్టమైంది.
I want white teeth.,मुझे सफेद दांत चाहिए।,Mujhe safed daant chahiye.,నాకు తెల్లని పళ్ళు కావాలి.
I have a question I need to ask everyone.,मेरे पास एक सवाल है जो मुझे सभी से पूछना है।,Mere paas ek sawal hai jo mujhe sabhi se puchna hai.,నేను అందరినీ అడగాల్సిన ఒక ప్రశ్న ఉంది.
Racecar backwards is racecar.,रेसकार को उल्टा पढ़ने पर भी रेसकार ही होता है।,Racecar ko ulta padhne par bhi racecar hi hota hai.,రేస్‌కార్‌ను వెనుక నుండి చదివినా రేస్‌కార్‌నే వస్తుంది.
I don't want to live in a mansion.,मैं किसी आलीशान महल में नहीं रहना चाहता।,Main kisi aalishan mahal mein nahi rehna chahta.,నేను బంగళాలో నివసించాలనుకోవడం లేదు.
Tom started a list so he wouldn't forget anything.,टॉम ने एक सूची बनाना शुरू किया ताकि वह कुछ भी न भूले।,Tom ne ek suchi banana shuru kiya taki vah kuch bhi na bhule.,టామ్ ఏదీ మర్చిపోకూడదని ఒక జాబితాను తయారు చేయడం ప్రారంభించాడు.
School violence is a major problem.,स्कूल में हिंसा एक बड़ी समस्या है।,School mein hinsa ek badi samasya hai.,పాఠశాలల్లో హింస ఒక పెద్ద సమస్య.
Big men are not always strong.,बड़े शरीर वाले लोग हमेशा ताकतवर नहीं होते।,Bade sharir wale log hamesha takatwar nahi hote.,పెద్ద మనుషులు ఎప్పుడూ బలంగా ఉండరు.
He uses the snorkel to breathe under water.,वह पानी के नीचे सांस लेने के लिए स्नोर्कल का उपयोग करता है।,Vah paani ke neeche saans lene ke liye snorkel ka upyog karta hai.,నీటి అడుగున శ్వాస తీసుకోవడానికి అతను స్నోర్కెల్ ఉపయోగిస్తాడు.
They had been dating for seven years by the time they got engaged.,सगाई होने तक वे सात साल से डेटिंग कर रहे थे।,Sagai hone tak ve saat saal se dating kar rahe the.,వారికి నిశ్చితార్థం అయ్యే సమయానికి వారు ఏడేళ్లుగా డేటింగ్ చేస్తున్నారు.
She wanted to get a master's degree because she missed school.,वह मास्टर डिग्री हासिल करना चाहती थी क्योंकि उसे स्कूल की याद आती थी।,Vah master degree haasil karna chahti thi kyonki use school ki yaad aati thi.,ఆమెకు స్కూల్ గుర్తొచ్చినందున మాస్టర్స్ డిగ్రీ చేయాలనుకుంది.
I can't find the page you're talking about.,मुझे वह पेज नहीं मिल रहा है जिसके बारे में आप बात कर रहे हैं।,Mujhe vah page nahi mil raha hai jiske baare mein aap baat kar rahe hain.,మీరు మాట్లాడుతున్న పేజీ నాకు దొరకడం లేదు.
He strives to keep the best lawn in the neighborhood.,वह पड़ोस में सबसे अच्छा लॉन बनाए रखने का प्रयास करता है।,Vah pados mein sabse achha lawn banaye rakhne ka prayas karta hai.,అతను తన ఇంటి ముందున్న లాన్‌ను పరిసరాల్లోనే అత్యుత్తమంగా ఉంచడానికి ప్రయత్నిస్తాడు.
The spa attendant applied the deep cleaning mask to the gentleman’s back.,स्पा अटेंडेंट ने सज्जन की पीठ पर डीप क्लीनिंग मास्क लगाया।,Spa attendant ne sajjan ki peeth par deep cleaning mask lagaya.,స్పా అటెండెంట్ ఆ వ్యక్తి వీపుపై డీప్ క్లీనింగ్ మాస్క్ వేశారు.
Shingle color was not something the couple had ever talked about.,शिंगल का रंग ऐसी चीज़ नहीं थी जिसके बारे में जोड़े ने कभी बात की हो।,Shingle ka rang aisi cheez nahi thi jiske baare mein jode ne kabhi baat ki ho.,షీంగిల్ రంగు గురించి ఆ జంట ఎప్పుడూ మాట్లాడుకోలేదు.
"The sunblock was handed to the girl before practice, but the burned skin was proof she did not apply it.","अभ्यास से पहले लड़की को सनब्लॉक दिया गया था, लेकिन जली हुई त्वचा इस बात का सबूत थी कि उसने इसे नहीं लगाया।","Abhyaas se pehle ladki ko sunblock diya gaya tha, lekin jali hui tvacha is baat ka saboot thi ki usne ise nahi lagaya.","ప్రాక్టీస్‌కు ముందు అమ్మాయికి సన్‌బ్లాక్ ఇచ్చారు, కానీ ఆమె అది రాసుకోలేదని ఆమె కాలిపోయిన చర్మమే నిదర్శనం."
The virus had powers none of us knew existed.,वायरस में ऐसी शक्तियां थीं जिनके अस्तित्व के बारे में हम में से कोई नहीं जानता था।,Virus mein aisi shaktiyan thin jinke astitva ke baare mein hum mein se koi nahi jaanta tha.,ఆ వైరస్‌కు మనలో ఎవరికీ తెలియని శక్తులు ఉన్నాయి.
A quiet house is nice until you are ordered to stay in it for months.,एक शांत घर तब तक अच्छा लगता है जब तक आपको महीनों तक उसमें रहने का आदेश न दिया जाए।,Ek shaant ghar tab tak achha lagta hai jab tak aapko mahino tak usme rehne ka aadesh na diya jaaye.,నెలల తరబడి ఇంట్లోనే ఉండమని ఆదేశించే వరకు నిశ్శబ్దంగా ఉన్న ఇల్లు బాగుంటుంది.
"If there is a big earthquake, the alarm will sound.","यदि बड़ा भूकंप आता है, तो अलार्म बज जाएगा।","Yadi bada bhookamp aata hai, to alarm baj jayega.","పెద్ద భూకంపం వస్తే, అలారం మోగుతుంది."
Tom didn't tell us how big your house was.,टॉम ने हमें नहीं बताया कि तुम्हारा घर कितना बड़ा था।,Tom ne humein nahi bataya ki tumhara ghar kitna bada tha.,నీ ఇల్లు ఎంత పెద్దదో టామ్ మాకు చెప్పలేదు.
"The coffee shop didn't have liquid sugar for her iced tea, so she had to use sugar packets.","कॉफी शॉप में उसकी आइस्ड टी के लिए लिक्विड शुगर नहीं थी, इसलिए उसे शुगर पैकेट का इस्तेमाल करना पड़ा।","Coffee shop mein uski iced tea ke liye liquid sugar nahi thi, isliye use sugar packet ka istemaal karna pada.","కాఫీ షాపులో ఆమె ఐస్‌డ్ టీ కోసం లిక్విడ్ షుగర్ లేదు, కాబట్టి ఆమె షుగర్ ప్యాకెట్లను ఉపయోగించాల్సి వచ్చింది."
"Her mother offered to send her money every month, but she was too embarrassed to accept it.","उसकी माँ ने उसे हर महीने पैसे भेजने की पेशकश की, लेकिन वह इसे स्वीकार करने में बहुत शर्मिंदा थी।","Uski maa ne use har mahine paise bhejne ki peshkash ki, lekin vah ise sweekar karne mein bahut sharminda thi.","ఆమె తల్లి ప్రతి నెలా డబ్బు పంపుతానని చెప్పింది, కానీ అది తీసుకోవడానికి ఆమె చాలా ఇబ్బంది పడింది."
He’s as mad as a hornet.,वह बहुत ज्यादा गुस्से में है।,Vah bahut zyada gusse mein hai.,అతను చాలా కోపంగా ఉన్నాడు.
Tommy lost the shopping list his mother had given him and just bought things he wanted to eat.,टॉमी ने वह शॉपिंग लिस्ट खो दी जो उसकी माँ ने उसे दी थी और उसने बस वही चीजें खरीदीं जो वह खाना चाहता था।,Tommy ne vah shopping list kho di jo uski maa ne use di thi aur usne bas vahi cheezein khareedin jo vah khana chahta tha.,టామీ తన తల్లి ఇచ్చిన షాపింగ్ లిస్ట్‌ను పోగొట్టుకున్నాడు మరియు తనకు తినాలనిపించిన వస్తువులను మాత్రమే కొన్నాడు.
Tom answered all the questions on the list.,टॉम ने लिस्ट के सभी सवालों के जवाब दिए।,Tom ne list ke sabhi sawalon ke jawab diye.,టామ్ జాబితాలోని అన్ని ప్రశ్నలకు సమాధానమిచ్చాడు.
I wish I had met my uncle yesterday like I was supposed to.,काश मैं कल अपने अंकल से मिल पाता जैसा कि मुझे मिलना था।,Kaash main kal apne uncle se mil paata jaisa ki mujhe milna tha.,"నేను నిన్న మా అంకుల్‌ని కలవాల్సింది, కానీ కలవలేకపోయాను."
All the names are listed in alphabetical order.,सभी नाम वर्णानुक्रम में सूचीबद्ध हैं।,Sabhi naam varnaanukram mein soocheebaddh hain.,పేర్లన్నీ అక్షర క్రమంలో ఉన్నాయి.
we won’t be taking you with us.,हम तुम्हें अपने साथ नहीं ले जा रहे हैं।,Hum tumhein apne saath nahi le ja rahe hain.,మేము నిన్ను మాతో తీసుకువెళ్లడం లేదు.
Glazed donuts are amazing.,ग्लेज़्ड डोनट्स बहुत शानदार होते हैं।,Glazed donuts bahut shandaar hote hain.,గ్లేజ్డ్ డోనట్స్ చాలా అద్భుతంగా ఉంటాయి.
He has a very interesting looking face.,उसका चेहरा बहुत दिलचस्प दिखता है।,Uska chehra bahut dilchasp dikhta hai.,అతని ముఖం చాలా ఆసక్తికరంగా ఉంటుంది.
No woman would buy that.,कोई भी महिला उसे नहीं खरीदेगी।,Koi bhi mahila use nahi khareedegi.,ఏ మహిళా దానిని కొనదు.
She liked the feeling of the keyboard under her fingers.,उसे अपनी उंगलियों के नीचे कीबोर्ड का एहसास पसंद आया।,Use apni ungliyon ke neeche keyboard ka ehsaas pasand aaya.,తన వేళ్ల కింద కీబోర్డ్ తగులుతున్న అనుభూతి ఆమెకు నచ్చింది.
Democracy over what we work on is called socialist.,"हम किस पर काम करते हैं, इस पर लोकतंत्र को समाजवादी कहा जाता है।","Hum kis par kaam karte hain, is par loktantra ko samajwadi kaha jaata hai.",మనం దేనిపై పని చేస్తామనే దానిపై ప్రజాస్వామ్యాన్ని సోషలిస్ట్ అని పిలుస్తారు.
"She learned that water bottles are no longer just to hold liquid, but they're also status symbols.","उसने सीखा कि पानी की बोतलें अब सिर्फ तरल पदार्थ रखने के लिए नहीं हैं, बल्कि वे स्टेटस सिंबल भी हैं।","Usne seekha ki paani ki botalein ab sirf taral padarth rakhne ke liye nahi hain, balki ve status symbol bhi hain.","నీళ్ల బాటిళ్లు ఇప్పుడు కేవలం నీళ్లు తాగడానికి మాత్రమే కాదు, అవి హోదాకు చిహ్నాలుగా కూడా మారాయని ఆమె తెలుసుకుంది."
Their argument could be heard across the parking lot.,उनकी बहस पार्किंग लॉट के उस पार तक सुनी जा सकती थी।,Unki bahas parking lot ke us paar tak suni ja sakti thi.,వారి వాదన పార్కింగ్ లాట్ అంతటా వినిపించింది.
Giving directions that the mountains are to the west only works when you can see them.,"यह निर्देश देना कि पहाड़ पश्चिम में हैं, तभी काम करता है जब आप उन्हें देख सकें।","Yeh nirdesh dena ki pahaad paschim mein hain, tabhi kaam karta hai jab aap unhein dekh sakein.","పర్వతాలు పడమర వైపు ఉన్నాయని దిశలు చెప్పడం, మీరు వాటిని చూడగలిగినప్పుడు మాత్రమే ఉపయోగపడుతుంది."
Traveling became almost extinct during the pandemic.,महामारी के दौरान यात्रा करना लगभग खत्म हो गया था।,Mahamari ke dauran yatra karna lagbhag khatam ho gaya tha.,మహమ్మారి సమయంలో ప్రయాణాలు దాదాపుగా ఆగిపోయాయి.
"It was obvious she was hot, sweaty, and tired.","यह स्पष्ट था कि वह गर्मी से परेशान, पसीने से तर और थकी हुई थी।","Yeh spasht tha ki vah garmi se pareshan, paseene se tar aur thaki hui thi.","ఆమెకు వేడిగా ఉందని, చెమటలు పడుతున్నాయని మరియు అలసిపోయిందని స్పష్టంగా తెలుస్తోంది."
The Great Dane looked more like a horse than a dog.,ग्रेट डेन कुत्ते से ज्यादा घोड़े जैसा दिख रहा था।,Great Dane kutte se zyada ghode jaisa dikh raha tha.,గ్రేట్ డేన్ కుక్క కంటే గుర్రంలాగే ఎక్కువగా కనిపిస్తోంది.
He played the game as if his life depended on it and the truth was that it did.,उसने खेल ऐसे खेला मानो उसकी जान उसी पर निर्भर हो और सच तो यह था कि वह थी भी।,Usne khel aise khela maano uski jaan usi par nirbhar ho aur sach toh yeh tha ki woh thi bhi.,"అతను ఆ ఆటను తన ప్రాణాలే దానికి పణంగా పెట్టినట్లు ఆడాడు, నిజానికి అది నిజమే."
It's not possible to convince a monkey to give you a banana by promising it infinite bananas when they die.,मरने के बाद अनंत केले देने का वादा करके किसी बंदर को आपको केला देने के लिए मनाना संभव नहीं है।,Marne ke baad anant kele dene ka vaada karke kisi bandar ko aapko kela dene ke liye manana sambhav nahi hai.,"చనిపోయిన తర్వాత అనంతమైన అరటిపండ్లు ఇస్తామని వాగ్దానం చేసి, ఒక కోతిని మీకు అరటిపండు ఇచ్చేలా ఒప్పించడం సాధ్యం కాదు."
He went on a whiskey diet and immediately lost three days.,उसने व्हिस्की डाइट शुरू की और तुरंत तीन दिन खो दिए।,Usne whiskey diet shuru ki aur turant teen din kho diye.,అతను విస్కీ డైట్ మొదలుపెట్టి వెంటనే మూడు రోజులను కోల్పోయాడు.
He watched the dancing piglets with panda bear tummies in the swimming pool.,उसने स्विमिंग पूल में पांडा भालू जैसे पेट वाले नाचते हुए सुअर के बच्चों को देखा।,Usne swimming pool mein panda bhalu jaise pet wale naachte hue suar ke bachchon ko dekha.,అతను స్విమ్మింగ్ పూల్‌లో పాండా ఎలుగుబంటి వంటి కడుపులున్న డ్యాన్స్ చేస్తున్న పంది పిల్లలను చూశాడు.
Martha came to the conclusion that shake weights are a great gift for any occasion.,मार्था इस निष्कर्ष पर पहुंची कि शेक वेट्स किसी भी अवसर के लिए एक बेहतरीन उपहार हैं।,Martha is nishkarsh par pahunchi ki shake weights kisi bhi avsar ke liye ek behtareen uphar hain.,షేక్ వెయిట్స్ ఏ సందర్భానికైనా గొప్ప బహుమతి అని మార్తా ఒక నిర్ణయానికి వచ్చింది.
"The stained glass window had slivers of yellow, orange, and red.","रंगीन कांच की खिड़की में पीले, नारंगी और लाल रंग की कतरनें थीं।","Rangeen kaanch ki khidki mein peele, naarangi aur laal rang ki katranein thin.","స్టెయిన్డ్ గ్లాస్ కిటికీలో పసుపు, నారింజ మరియు ఎరుపు రంగుల ముక్కలు ఉన్నాయి."
Hayley Wickenheiser is an incredible human being.,हेली विकेनहाइजर एक अविश्वसनीय इंसान हैं।,Hayley Wickenheiser ek avishvasniya insaan hain.,హేలీ వికెన్‌హీజర్ ఒక అద్భుతమైన వ్యక్తి.
My boyfriend loves this song.,मेरे बॉयफ्रेंड को यह गाना बहुत पसंद है।,Mere boyfriend ko yeh gaana bahut pasand hai.,నా బాయ్‌ఫ్రెండ్‌కి ఈ పాట అంటే చాలా ఇష్టం.
She wasn't sure if she had made a stupid decision or not.,वह सुनिश्चित नहीं थी कि उसने कोई मूर्खतापूर्ण निर्णय लिया है या नहीं।,Vah sunishchit nahi thi ki usne koi murkhatapurn nirnay liya hai ya nahi.,ఆమె తీసుకున్నది తెలివితక్కువ నిర్ణయమో కాదో ఆమెకు ఖచ్చితంగా తెలియదు.
She took offense at his comment.,उसे उसकी टिप्पणी पर बुरा लगा।,Use uski tippani par bura laga.,అతని వ్యాఖ్యకు ఆమె మనస్తాపం చెందింది.
You can decide which smoothie place we go to.,तुम तय कर सकते हो कि हम किस स्मूदी की दुकान पर जाएं।,Tum tay kar sakte ho ki hum kis smoothie ki dukan par jayein.,మనం ఏ స్మూతీ షాపుకు వెళ్లాలో నువ్వే నిర్ణయించుకో.
A big car drew up and a tall lady got out.,एक बड़ी कार आकर रुकी और एक लंबी महिला बाहर निकली।,Ek badi car aakar ruki aur ek lambi mahila bahar nikli.,ఒక పెద్ద కారు వచ్చి ఆగింది మరియు ఒక పొడవైన మహిళ బయటకు వచ్చింది.
There were so many cookies leftover.,बहुत सारी कुकीज़ बच गई थीं।,Bahut sari cookies bach gayi thin.,చాలా కుకీలు మిగిలిపోయాయి.
That movie franchise sucks.,वह मूवी फ्रैंचाइज़ी बहुत बेकार है।,Vah movie franchise bahut bekar hai.,ఆ సినిమా ఫ్రాంచైజీ చాలా చెత్తగా ఉంది.
I'm a fan of American cooking.,मैं अमेरिकी खाने का प्रशंसक हूँ।,Main ameriki khane ka prashansak hoon.,నాకు అమెరికన్ వంటకాలు అంటే ఇష్టం.
My family just got home.,मेरा परिवार अभी घर पहुँचा है।,Mera parivar abhi ghar pahuncha hai.,మా కుటుంబం ఇప్పుడే ఇంటికి చేరుకుంది.
"Tom could be a big help to you, I think.","मुझे लगता है, टॉम तुम्हारे लिए बहुत मददगार साबित हो सकता है।","Mujhe lagta hai, Tom tumhare liye bahut madadgar sabit ho sakta hai.","నా ఉద్దేశంలో, టామ్ నీకు చాలా సహాయపడగలడు."
The train does not leave at 8AM.,ट्रेन सुबह 8 बजे नहीं निकलती है।,Train subah 8 baje nahi nikalti hai.,రైలు ఉదయం 8 గంటలకు బయలుదేరదు.
Bobsled is a sporting event.,बॉबस्लेड एक खेल प्रतियोगिता है।,Bobsled ek khel pratiyogita hai.,బాబ్ స్లెడ్ అనేది ఒక క్రీడా ఈవెంట్.
The car crash was so instantaneous that I barely had time to process it.,कार दुर्घटना इतनी अचानक हुई कि मुझे इसे समझने का समय ही नहीं मिला।,Car durghatna itni achanak hui ki mujhe ise samajhne ka samay hi nahi mila.,"కారు ప్రమాదం ఎంత త్వరగా జరిగిందంటే, అది ఏమిటో అర్థం చేసుకునే సమయం కూడా నాకు దొరకలేదు."
I always list what I need before I go shopping.,खरीदारी पर जाने से पहले मैं हमेशा उन चीजों की सूची बनाता हूँ जिनकी मुझे आवश्यकता होती है।,Kharidari par jaane se pehle main hamesha un cheezon ki soochi banata hoon jinki mujhe aavashyakta hoti hai.,నేను షాపింగ్‌కు వెళ్లే ముందు నాకు కావాల్సిన వస్తువుల జాబితాను ఎప్పుడూ రాసుకుంటాను.
The businessman had many important meetings.,व्यवसायी की कई महत्वपूर्ण बैठकें थीं।,Vyavsayi ki kai mahatvapurn baithakein thin.,ఆ వ్యాపారవేత్తకు చాలా ముఖ్యమైన సమావేశాలు ఉన్నాయి.
She promised she would reserve a room for me.,उसने वादा किया कि वह मेरे लिए एक कमरा आरक्षित करेगी।,Usne vaada kiya ki vah mere liye ek kamra aarakshit karegi.,ఆమె నా కోసం ఒక గదిని బుక్ చేస్తానని వాగ్దానం చేసింది.
I want your life to be better than mine was.,मैं चाहता हूँ कि तुम्हारा जीवन मेरे जीवन से बेहतर हो।,Main chahta hoon ki tumhara jeevan mere jeevan se behtar ho.,నీ జీవితం నా జీవితం కంటే మెరుగ్గా ఉండాలని నేను కోరుకుంటున్నాను.
You go on a holiday every summer.,तुम हर गर्मी में छुट्टियों पर जाते हो।,Tum har garmi mein chhuttiyon par jaate ho.,నువ్వు ప్రతి వేసవిలో సెలవులకు వెళ్తావు.
The risk is higher if you wait to go to the hospital.,यदि आप अस्पताल जाने में देरी करते हैं तो जोखिम अधिक है।,Yadi aap aspatal jaane mein deri karte hain to jokhim adhik hai.,మీరు ఆసుపత్రికి వెళ్లడంలో ఆలస్యం చేస్తే ప్రమాదం ఎక్కువగా ఉంటుంది.
Odds are that he is cheating on her.,संभावना है कि वह उसे धोखा दे रहा है।,Sambhavna hai ki vah use dhokha de raha hai.,అతను ఆమెను మోసం చేస్తున్నాడని అనిపిస్తోంది.
Tokyo is a very large city.,टोक्यो एक बहुत बड़ा शहर है।,Tokyo ek bahut bada shahar hai.,టోక్యో చాలా పెద్ద నగరం.
I especially appreciate how helpful and kind you’ve been throughout this entire process.,मैं विशेष रूप से इस पूरी प्रक्रिया के दौरान आपके सहायक और दयालु व्यवहार की सराहना करता हूँ।,Main vishesh roop se is poori prakriya ke dauran aapke sahayak aur dayalu vyavhar ki sarahna karta hoon.,ఈ మొత్తం ప్రక్రియలో మీరు ఎంత సహాయకారిగా మరియు దయతో ఉన్నారో నేను ప్రత్యేకంగా అభినందిస్తున్నాను.
I’m having second thoughts about getting married so soon.,मुझे इतनी जल्दी शादी करने के बारे में फिर से सोचने पर मजबूर होना पड़ रहा है।,Mujhe itni jaldi shaadi karne ke baare mein phir se sochne par majboor hona pad raha hai.,అంత త్వరగా పెళ్లి చేసుకోవడం గురించి నేను మళ్ళీ ఆలోచిస్తున్నాను.
The technology is unbeatable.,यह तकनीक बेजोड़ है।,Yeh takneek bejod hai.,ఈ సాంకేతికతకు సాటి లేదు.
"She thought the new Dune movie was dull, but her boss loved it.","उसे नई ड्यून फिल्म उबाऊ लगी, लेकिन उसके बॉस को यह बहुत पसंद आई।","Use nayi Dune film ubaau lagi, lekin uske boss ko yeh bahut pasand aayi.","కొత్త డ్యూన్ సినిమా బోరింగ్‌గా ఉందని ఆమె అనుకుంది, కానీ ఆమె బాస్‌కు అది బాగా నచ్చింది."
I am afraid of tornados.,मुझे बवंडर से डर लगता है।,Mujhe bavandar se darr lagta hai.,నాకు టోర్నడోలంటే భయం.
She resolved to stop speaking out people when she was out on her walks.,उसने सैर पर जाते समय लोगों से बात करना बंद करने का फैसला किया।,Usne sair par jaate samay logon se baat karna band karne ka faisla kiya.,తను నడకకు వెళ్ళినప్పుడు ప్రజలతో మాట్లాడటం మానేయాలని ఆమె నిర్ణయించుకుంది.
Today is a great day.,आज का दिन बहुत अच्छा है।,Aaj ka din bahut achha hai.,ఈ రోజు చాలా మంచి రోజు.
A man from my future came to me today.,मेरे भविष्य से एक आदमी आज मेरे पास आया।,Mere bhavishya se ek aadmi aaj mere paas aaya.,నా భవిష్యత్తు నుండి ఒక వ్యక్తి ఈరోజు నన్ను కలిశాడు.
The peanut butter jar was hard to open.,पीनट बटर का जार खोलना मुश्किल था।,Peanut butter ka jar kholna mushkil tha.,పీనట్ బటర్ జార్ తెరవడం కష్టంగా ఉంది.
I had just gotten the face where I wanted it when my classmate bumped into me and the clay fell over.,मैंने चेहरे को अभी सही आकार दिया ही था कि मेरा सहपाठी मुझसे टकरा गया और मिट्टी गिर गई।,Maine chehre ko abhi sahi aakar diya hi tha ki mera sahpathi mujhse takra gaya aur mitti gir gayi.,"నేను ముఖాన్ని నాకు కావలసినట్లుగా సరిచేసుకుంటున్నప్పుడే, నా క్లాస్‌మేట్ వచ్చి ఢీకొనడంతో మట్టి కింద పడిపోయింది."
They were afraid of the black dog.,वे काले कुत्ते से डरते थे।,Ve kaale kutte se darte the.,వారు నల్ల కుక్కను చూసి భయపడ్డారు.
"Since the moment I first put on the suit, it’s been the greatest gig of my life.","जब से मैंने पहली बार यह सूट पहना है, यह मेरे जीवन का सबसे बेहतरीन काम रहा है।","Jab se maine pehli baar yeh suit pehna hai, yeh mere jeevan ka sabse behtareen kaam raha hai.","నేను మొదటిసారి ఈ సూట్ వేసుకున్నప్పటి నుండి, ఇది నా జీవితంలోనే అత్యుత్తమ పనిగా మారింది."
I entered Tom's name on the list of candidates.,मैंने उम्मीदवारों की सूची में टॉम का नाम दर्ज किया।,Maine ummeedwaron ki soochi mein Tom ka naam darj kiya.,నేను అభ్యర్థుల జాబితాలో టామ్ పేరును నమోదు చేశాను.
The big ugly tree destroys the beauty of the house.,वह बड़ा बदसूरत पेड़ घर की सुंदरता को खराब करता है।,Vah bada badsurat ped ghar ki sundarta ko kharab karta hai.,ఆ పెద్ద వికారమైన చెట్టు ఇంటి అందాన్ని పాడు చేస్తుంది.
"On her seventeenth birthday, she jumped from her house's third-floor balcony.","अपने सत्रहवें जन्मदिन पर, वह अपने घर की तीसरी मंजिल की बालकनी से कूद गई।","Apne satrahvein janmdin par, vah apne ghar ki teesri manzil ki balcony se kood gayi.","తన పదిహేడవ పుట్టినరోజున, ఆమె తన ఇంటి మూడవ అంతస్తు బాల్కనీ నుండి దూకింది."
This could become a problem.,यह एक समस्या बन सकती है।,Yeh ek samasya ban sakti hai.,ఇది ఒక సమస్యగా మారవచ్చు.
She hated first dates.,उसे पहली डेट पर जाना बिल्कुल पसंद नहीं था।,Use pehli date par jaana bilkul pasand nahi tha.,ఆమెకు మొదటి డేట్‌లకు వెళ్లడం అస్సలు ఇష్టం ఉండేది కాదు.
"In China, they eat watermelon with salt on it, because they say it makes things taste sweeter.","चीन में, वे तरबूज पर नमक डालकर खाते हैं, क्योंकि उनका कहना है कि इससे स्वाद और मीठा हो जाता है।","China mein, ve tarbooj par namak daalkar khaate hain, kyonki unka kehna hai ki isse swaad aur meetha ho jaata hai.","చైనాలో, వారు పుచ్చకాయపై ఉప్పు వేసుకుని తింటారు, ఎందుకంటే అది రుచిని మరింత తీయగా మారుస్తుందని వారు చెబుతారు."
"I got my hair cut today, and they cut it way too short.","मैंने आज अपने बाल कटवाए, और उन्होंने बहुत छोटे काट दिए।","Maine aaj apne baal katwaye, aur unhone bahut chhote kaat diye.","నేను ఈరోజు జుట్టు కత్తిరించుకున్నాను, వారు చాలా చిన్నగా కత్తిరించారు."
"I put on my underclothes, shirt and trousers.","मैंने अपने अंतःवस्त्र, शर्ट और पतलून पहन लिए।","Maine apne antahvastra, shirt aur patloon pehan liye.","నేను నా లోదుస్తులు, చొక్కా మరియు ప్యాంటు వేసుకున్నాను."
The mother read a story to her son.,माँ ने अपने बेटे को एक कहानी सुनाई।,Maa ne apne bete ko ek kahani sunayi.,తల్లి తన కొడుకుకు ఒక కథ చదివి వినిపించింది.
Tom's one main ambition in life was to become a race car driver.,टॉम की जीवन में एक मुख्य महत्वाकांक्षा रेस कार ड्राइवर बनने की थी।,Tom ki jeevan mein ek mukhya mahatvakanksha race car driver banne ki thi.,టామ్ జీవితంలో ఒకే ఒక్క ప్రధాన లక్ష్యం రేస్ కార్ డ్రైవర్ కావడమే.
There was a big earthquake last night.,कल रात एक बड़ा भूकंप आया था।,Kal raat ek bada bhookamp aaya tha.,నిన్న రాత్రి పెద్ద భూకంపం వచ్చింది.
The first baseman caught the fly ball.,फर्स्ट बेसमेन ने फ्लाई बॉल को पकड़ लिया।,First baseman ne fly ball ko pakad liya.,ఫస్ట్ బేస్‌మెన్ ఫ్లై బాల్‌ను పట్టుకున్నాడు.
Karl Marx actually thought that under capitalism poets would be able to find work that paid wages.,कार्ल मार्क्स वास्तव में सोचते थे कि पूंजीवाद के तहत कवियों को ऐसा काम मिल जाएगा जिसके लिए उन्हें वेतन मिले।,Karl Marx vastav mein sochte the ki punjivad ke tahat kaviyon ko aisa kaam mil jayega jiske liye unhe vetan mile.,కార్ల్ మార్క్స్ నిజానికి పెట్టుబడిదారీ విధానంలో కవులకు జీతం వచ్చే పని దొరుకుతుందని భావించారు.
I’m sorry to interrupt you.,आपको बीच में टोकने के लिए मुझे खेद है।,Aapko beech mein tokne ke liye mujhe khed hai.,మిమ్మల్ని మధ్యలో ఆపినందుకు క్షమించండి.
My favorite snack is pretzels.,मेरा पसंदीदा स्नैक प्रेट्ज़ेल है।,Mera pasandida snack pretzels hai.,నాకు ఇష్టమైన స్నాక్ ప్రెట్జెల్స్.
She dreamed an evil henchman was forcing her to count every single hair on her head.,उसने सपना देखा कि एक दुष्ट गुर्गा उसे अपने सिर के हर एक बाल को गिनने के लिए मजबूर कर रहा है।,Usne sapna dekha ki ek dusht gurga use apne sir ke har ek baal ko ginne ke liye majboor kar raha hai.,ఒక దుష్ట అనుచరుడు తన తల మీద ఉన్న ప్రతి ఒక్క వెంట్రుకను లెక్కించమని తనను బలవంతం చేస్తున్నట్లు ఆమె కలగన్నది.
Our house is a historic building and protected monument.,हमारा घर एक ऐतिहासिक इमारत और संरक्षित स्मारक है।,Hamara ghar ek aitihasik imarat aur sanrakshit smarak hai.,మా ఇల్లు ఒక చారిత్రాత్మక కట్టడం మరియు సంరక్షించబడిన స్మారక చిహ్నం.
You don't need to leave so early.,तुम्हें इतनी जल्दी जाने की ज़रूरत नहीं है।,Tumhein itni jaldi jaane ki zaroorat nahi hai.,నువ్వు అంత త్వరగా వెళ్లాల్సిన అవసరం లేదు.
I have been trying to say this for awhile.,मैं कुछ समय से यह कहने की कोशिश कर रहा हूँ।,Main kuch samay se yeh kehne ki koshish kar raha hoon.,నేను కొంతకాలంగా ఇదే చెప్పడానికి ప్రయత్నిస్తున్నాను.
He bought Traveler's Choice instant coffee because it was cheaper than the other brands.,उसने ट्रैवलर्स चॉइस इंस्टेंट कॉफी खरीदी क्योंकि यह दूसरे ब्रांड्स से सस्ती थी।,Usne Traveler's Choice instant coffee kharidi kyonki yeh dusre brands se sasti thi.,అతను ట్రావెలర్స్ ఛాయిస్ ఇన్స్టంట్ కాఫీని కొన్నాడు ఎందుకంటే అది ఇతర బ్రాండ్ల కంటే చౌకగా ఉంది.
Northwestern is a great school.,नॉर्थवेस्टर्न एक बेहतरीन स्कूल है।,Northwestern ek behtareen school hai.,నార్త్‌వెస్టర్న్ ఒక గొప్ప పాఠశాల.
He ordered a latte.,उसने एक लाटे ऑर्डर किया।,Usne ek latte order kiya.,అతను ఒక లాటే ఆర్డర్ చేశాడు.
I have the flowers.,मेरे पास फूल हैं।,Mere paas phool hain.,నా దగ్గర పూలు ఉన్నాయి.
My biggest problem is deciding what I should do next.,मेरी सबसे बड़ी समस्या यह तय करना है कि मुझे आगे क्या करना चाहिए।,Meri sabse badi samasya yeh tay karna hai ki mujhe aage kya karna chahiye.,"నా అతి పెద్ద సమస్య ఏమిటంటే, నేను తర్వాత ఏమి చేయాలో నిర్ణయించుకోవడం."
I've made a list of people I need to talk to.,मैंने उन लोगों की सूची बना ली है जिनसे मुझे बात करनी है।,Maine un logon ki suchi bana li hai jinse mujhe baat karni hai.,నేను మాట్లాడాల్సిన వ్యక్తుల జాబితాను తయారు చేశాను.
She’s as white as a sheet.,वह डर के मारे सफेद पड़ गई है।,Vah dar ke maare safed pad gayi hai.,ఆమె భయంతో తెల్లబోయింది.
We are completely in love.,हम एक-दूसरे के प्यार में पूरी तरह डूबे हुए हैं।,Hum ek-dusre ke pyaar mein puri tarah doobe hue hain.,మేము ఒకరినొకరు పూర్తిగా ప్రేమిస్తున్నాము.
Today is the day I'll finally know what brick tastes like.,आज वह दिन है जब मुझे आखिरकार पता चल जाएगा कि ईंट का स्वाद कैसा होता है।,Aaj vah din hai jab mujhe aakhirkar pata chal jayega ki eent ka swaad kaisa hota hai.,ఇటుక రుచి ఎలా ఉంటుందో చివరకు తెలుసుకునే రోజు ఇదే.
"People keep telling me ""orange"" but I still prefer ""pink"".","लोग मुझे बार-बार ""ऑरेंज"" कह रहे हैं लेकिन मैं अभी भी ""पिंक"" को ही पसंद करता हूँ।","Log mujhe baar-baar ""orange"" keh rahe hain lekin main abhi bhi ""pink"" ko hi pasand karta hoon.","ప్రజలు నాకు ""ఆరెంజ్"" అని చెబుతూనే ఉన్నారు, కానీ నాకు ఇప్పటికీ ""పింక్"" అంటేనే ఇష్టం."
"Hang on, my kittens are scratching at the bathtub and they'll upset by the lack of biscuits.","रुको, मेरे बिल्ली के बच्चे बाथटब को खरोंच रहे हैं और बिस्कुट न मिलने पर वे परेशान हो जाएंगे।","Ruko, mere billi ke bachche bathtub ko kharonch rahe hain aur biscuit na milne par ve pareshan ho jayenge.","ఆగు, నా పిల్లి పిల్లలు బాత్‌టబ్‌ను గీకుతున్నాయి మరియు బిస్కెట్లు లేకపోవడంతో అవి అప్‌సెట్ అవుతాయి."
"The tears of a clown make my lipstick run, but my shower cap is still intact.","एक जोकर के आँसू मेरी लिपस्टिक को फैला देते हैं, लेकिन मेरी शावर कैप अभी भी ठीक है।","Ek joker ke aansu meri lipstick ko phaila dete hain, lekin meri shower cap abhi bhi theek hai.","ఒక విదూషకుడి కన్నీళ్లు నా లిప్‌స్టిక్‌ను కరిగించేలా చేస్తాయి, కానీ నా షవర్ క్యాప్ ఇంకా చెక్కుచెదరకుండా ఉంది."
The gloves protect my feet from excess work.,दस्ताने मेरे पैरों को अत्यधिक काम से बचाते हैं।,Dastane mere pairon ko atyadhik kaam se bachate hain.,గ్లౌజులు నా పాదాలను అధిక పని నుండి రక్షిస్తాయి.
The fog was so dense even a laser decided it wasn't worth the effort.,कोहरा इतना घना था कि एक लेज़र ने भी तय किया कि यह मेहनत के लायक नहीं है।,Kohra itna ghana tha ki ek laser ne bhi tay kiya ki yeh mehnat ke layak nahi hai.,"పొగమంచు ఎంత దట్టంగా ఉందంటే, కనీసం లేజర్ కూడా ప్రయత్నించడం వృథా అని నిర్ణయించుకుంది."
He was an introvert that extroverts seemed to love.,वह एक अंतर्मुखी व्यक्ति था जिसे बहिर्मुखी लोग पसंद करते थे।,Vah ek antarmukhi vyakti tha jise bahirmukhi log pasand karte the.,"అతను అంతర్ముఖుడు, కానీ బహిర్ముఖులు అతన్ని ఇష్టపడేవారు."
The golden retriever loved the fireworks each Fourth of July.,गोल्डन रिट्रीवर को हर चार जुलाई को आतिशबाजी बहुत पसंद थी।,Golden retriever ko har char July ko aatishbazi bahut pasand thi.,గోల్డెన్ రిట్రీవర్ కు ప్రతి జూలై నాలుగవ తేదీన బాణసంచా అంటే చాలా ఇష్టం.
"I want a giraffe, but I'm a turtle eating waffles.","मुझे एक जिराफ़ चाहिए, लेकिन मैं वफ़ल खाने वाला एक कछुआ हूँ।","Mujhe ek giraffe chahiye, lekin main waffle khane vala ek kachhua hoon.","నాకు జిరాఫీ కావాలి, కానీ నేను వాఫిల్స్ తినే తాబేలును."
Henry couldn't decide if he was an auto mechanic or a priest.,हेनरी यह तय नहीं कर पा रहा था कि वह एक ऑटो मैकेनिक है या पुजारी।,Henry yeh tay nahi kar pa raha tha ki vah ek auto mechanic hai ya pujari.,హెన్రీ తాను ఆటో మెకానికో లేక పూజారినో నిర్ణయించుకోలేకపోయాడు.
100 years old is such a young age if you happen to be a bristlecone pine.,अगर आप ब्रिसलकोन पाइन हैं तो 100 साल की उम्र बहुत कम होती है।,Agar aap bristlecone pine hain to 100 saal ki umr bahut kam hoti hai.,మీరు బ్రిస్టల్‌కోన్ పైన్ చెట్టు అయితే 100 ఏళ్ల వయస్సు చాలా చిన్నది.
"When he asked her favorite number, she answered without hesitation that it was diamonds.","जब उसने उसका पसंदीदा नंबर पूछा, तो उसने बिना किसी हिचकिचाहट के जवाब दिया कि वह हीरे हैं।","Jab usne uska pasandida number pucha, to usne bina kisi hichkichahat ke jawab diya ki vah heere hain.","అతను ఆమెకు ఇష్టమైన సంఖ్య ఏమిటని అడిగినప్పుడు, ఆమె ఏమాత్రం సంకోచించకుండా వజ్రాలు అని సమాధానం ఇచ్చింది."
My biggest joy is roasting almonds while stalking prey.,मेरा सबसे बड़ा आनंद शिकार का पीछा करते समय बादाम भूनना है।,Mera sabse bada anand shikar ka peecha karte samay badam bhoonna hai.,వేటాడుతున్నప్పుడు బాదం పప్పులను వేయించడం నాకు అత్యంత ఆనందాన్ని ఇస్తుంది.
Edith could decide if she should paint her teeth or brush her nails.,एडित तय कर सकती थी कि उसे अपने दांतों को पेंट करना चाहिए या अपने नाखूनों को ब्रश करना चाहिए।,Edith tay kar sakti thi ki use apne danton ko paint karna chahiye ya apne nakhunon ko brush karna chahiye.,ఎడిత్ తన పళ్ళకు రంగు వేసుకోవాలా లేక గోళ్ళను బ్రష్ చేసుకోవాలా అని నిర్ణయించుకోలేకపోయింది.
It was the first time he had ever seen someone cook dinner on an elephant.,यह पहली बार था जब उसने किसी को हाथी पर रात का खाना बनाते देखा था।,Yeh pehli baar tha jab usne kisi ko haathi par raat ka khana banate dekha tha.,ఏనుగు మీద ఎవరైనా రాత్రి భోజనం వండటం చూడటం అతనికి అదే మొదటిసారి.
Purple is the best city in the forest.,पर्पल जंगल का सबसे अच्छा शहर है।,Purple jungle ka sabse achha shehar hai.,అడవిలో పర్పుల్ అత్యుత్తమ నగరం.
There is no better feeling than staring at a wall with closed eyes.,बंद आंखों से दीवार को घूरने से बेहतर कोई एहसास नहीं है।,Band aankhon se deewar ko ghoorne se behtar koi ehsas nahi hai.,కళ్ళు మూసుకుని గోడను చూడటం కంటే గొప్ప అనుభూతి మరొకటి లేదు.
She couldn't understand why nobody else could see that the sky is full of cotton candy.,वह समझ नहीं पा रही थी कि बाकी किसी को यह क्यों नहीं दिख रहा कि आसमान कॉटन कैंडी से भरा है।,Vah samajh nahi pa rahi thi ki baki kisi ko yeh kyon nahi dikh raha ki aasman cotton candy se bhara hai.,ఆకాశం కాటన్ క్యాండీతో నిండి ఉందని మిగతా వారికి ఎందుకు కనిపించడం లేదో ఆమెకు అర్థం కాలేదు.
He decided to count all the sand on the beach as a hobby.,उसने शौक के तौर पर समुद्र तट की सारी रेत गिनने का फैसला किया।,Usne shauk ke taur par samudra tat ki saari ret ginne ka faisla kiya.,అతను ఒక హాబీగా బీచ్‌లోని ఇసుకనంతటినీ లెక్కించాలని నిర్ణయించుకున్నాడు.
My uncle's favorite pastime was building cars out of noodles.,मेरे चाचा का पसंदीदा शगल नूडल्स से कार बनाना था।,Mere chacha ka pasandida shagal noodles se car banana tha.,నూడుల్స్‌తో కార్లను తయారు చేయడం మా మామయ్యకు ఇష్టమైన కాలక్షేపం.
The best part of marriage is animal crackers with peanut butter.,शादी का सबसे अच्छा हिस्सा पीनट बटर के साथ एनिमल क्रैकर्स है।,Shaadi ka sabse achha hissa peanut butter ke saath animal crackers hai.,పెళ్లిలో అత్యంత ఆనందకరమైన విషయం పీనట్ బటర్‌తో కూడిన యానిమల్ క్రాకర్స్.
I'll talk you through every step of the aquatic soccer game.,मैं आपको एक्वाटिक सॉकर गेम के हर चरण के बारे में बताऊंगा।,Main aapko aquatic soccer game ke har charan ke baare mein bataunga.,నీటిలో ఆడే సాకర్ ఆటలోని ప్రతి దశను నేను మీకు వివరిస్తాను.
"It’s difficult to say, but I think our customers are more satisfied.","यह कहना मुश्किल है, लेकिन मुझे लगता है कि हमारे ग्राहक अधिक संतुष्ट हैं।","Yeh kehna mushkil hai, lekin mujhe lagta hai ki hamare grahak adhik santusht hain.","ఇది చెప్పడం కష్టం, కానీ మా కస్టమర్లు మరింత సంతృప్తిగా ఉన్నారని నేను అనుకుంటున్నాను."
He is my father.,वह मेरे पिता हैं।,Vah mere pita hain.,ఆయన నా తండ్రి.
I have no doubt that you’re going to nail this interview.,मुझे कोई संदेह नहीं है कि आप इस इंटरव्यू में बहुत अच्छा करेंगे।,Mujhe koi sandeh nahi hai ki aap is interview mein bahut achha karenge.,ఈ ఇంటర్వ్యూలో మీరు అద్భుతంగా రాణిస్తారని నాకు ఎటువంటి సందేహం లేదు.
The train was forty-seven minutes late.,ट्रेन सैंतालीस मिनट देरी से थी।,Train saintalees minute deri se thi.,రైలు నలభై ఏడు నిమిషాలు ఆలస్యంగా వచ్చింది.
He was so surprised that he dropped the dumbbells right on his foot.,वह इतना हैरान था कि उसने डंबल सीधे अपने पैर पर गिरा दिए।,Vah itna hairan tha ki usne dumbbell seedhe apne pair par gira diye.,"అతను ఎంత ఆశ్చర్యపోయాడు అంటే, డంబెల్స్‌ను నేరుగా తన కాలిపైనే పడేశాడు."
"She had always wanted to be a boxer, but was so weak that she never made it more than a class or two before giving up.","वह हमेशा से बॉक्सर बनना चाहती थी, लेकिन वह इतनी कमजोर थी कि उसने हार मानने से पहले एक या दो क्लास से ज्यादा कभी नहीं किया।","Vah hamesha se boxer banna chahti thi, lekin vah itni kamzor thi ki usne haar manne se pehle ek ya do class se zyada kabhi nahi kiya.","ఆమె ఎప్పుడూ బాక్సర్ కావాలనుకుంది, కానీ ఆమె చాలా బలహీనంగా ఉండటంతో ఒకటి లేదా రెండు క్లాసుల కంటే ఎక్కువ చేయలేక వదిలేసింది."
She meant the world to me.,वह मेरे लिए सब कुछ थी।,Vah mere liye sab kuch thi.,ఆమె నా ప్రపంచం.
I’m also too poor to afford a real office.,मैं इतना गरीब भी हूँ कि एक असली ऑफिस का खर्च नहीं उठा सकता।,Main itna gareeb bhi hoon ki ek asli office ka kharch nahi utha sakta.,ఒక మంచి ఆఫీసును అద్దెకు తీసుకునేంత స్తోమత కూడా నాకు లేదు.
I drink less water than him.,मैं उससे कम पानी पीता हूँ।,Main usse kam paani peeta hoon.,నేను అతని కంటే తక్కువ నీరు తాగుతాను.
She spent over $300 on masks alone in 2020.,उसने 2020 में सिर्फ मास्क पर ही 300 डॉलर से ज्यादा खर्च किए।,Usne 2020 mein sirf mask par hi 300 dollar se zyada kharch kiye.,ఆమె 2020లో కేవలం మాస్కుల కోసమే 300 డాలర్లకు పైగా ఖర్చు చేసింది.
Whitening your teeth can be bad for them.,दांतों को सफेद करना उनके लिए बुरा हो सकता है।,Daanton ko safed karna unke liye bura ho sakta hai.,పళ్లను తెల్లగా చేసుకోవడం వాటికి హానికరం కావచ్చు.
English Speaking Courses are the hardest ones.,इंग्लिश स्पीकिंग कोर्सेज सबसे कठिन होते हैं।,English speaking courses sabse kathin hote hain.,ఇంగ్లీష్ స్పీకింగ్ కోర్సులు చాలా కష్టమైనవి.
My home is bright pink and has yellow flowers growing all around it.,मेरा घर चमकीले गुलाबी रंग का है और इसके चारों ओर पीले फूल उगे हुए हैं।,Mera ghar chamkile gulabi rang ka hai aur iske charon or peele phool uge hue hain.,నా ఇల్లు ముదురు గులాబీ రంగులో ఉంటుంది మరియు దాని చుట్టూ పసుపు రంగు పూలు పూస్తాయి.
I just saw the most eccentric brick.,मैंने अभी-अभी सबसे अजीब ईंट देखी।,Maine abhi-abhi sabse ajeeb eent dekhi.,నేను ఇప్పుడే చాలా వింతగా ఉన్న ఒక ఇటుకను చూశాను.
She tried to make chicken but she must have put the wrong thing in because it came out of the oven bright green.,उसने चिकन बनाने की कोशिश की लेकिन उसने जरूर कुछ गलत डाल दिया होगा क्योंकि ओवन से निकलते ही वह गहरे हरे रंग का हो गया।,Usne chicken banane ki koshish ki lekin usne zaroor kuch galat daal diya hoga kyonki oven se nikalte hi vah gehre hare rang ka ho gaya.,"ఆమె చికెన్ వండటానికి ప్రయత్నించింది కానీ ఏదో తప్పుగా వేసి ఉంటుంది, అందుకే అది ఓవెన్ నుండి బయటకు వచ్చేసరికి ముదురు ఆకుపచ్చ రంగులో ఉంది."
"Yes, you can have a carry on.","हाँ, आप कैरी-ऑन ले जा सकते हैं।","Haan, aap carry-on le ja sakte hain.","అవును, మీరు క్యారీ-ఆన్ బ్యాగ్ తీసుకోవచ్చు."
I have 30 jackets.,मेरे पास 30 जैकेट हैं।,Mere paas 30 jackets hain.,నా దగ్గర 30 జాకెట్లు ఉన్నాయి.
They'll show you the way home when you’re drunk.,जब आप नशे में होंगे तो वे आपको घर का रास्ता दिखा देंगे।,Jab aap nashe mein honge toh ve aapko ghar ka raasta dikha denge.,మీరు మద్యం మత్తులో ఉన్నప్పుడు వారు మీకు ఇంటికి వెళ్లే దారి చూపిస్తారు.
She threw her back out.,उसकी कमर में मोच आ गई।,Uski kamar mein moch aa gayi.,ఆమెకు నడుము నొప్పి వచ్చింది.
Tom Jackson was one of the names I recognized on that list.,टॉम जैक्सन उन नामों में से एक था जिन्हें मैंने उस सूची में पहचाना था।,Tom Jackson un naamon mein se ek tha jinhein maine us soochi mein pehchana tha.,ఆ జాబితాలో నేను గుర్తించిన పేర్లలో టామ్ జాక్సన్ ఒకటి.
It's not such a big problem You're worrying way too much.,यह इतनी बड़ी समस्या नहीं है। तुम बहुत ज़्यादा चिंता कर रहे हो।,Yeh itni badi samasya nahi hai. Tum bahut zyada chinta kar rahe ho.,ఇది అంత పెద్ద సమస్య కాదు. నువ్వు అనవసరంగా మరీ ఎక్కువ ఆందోళన చెందుతున్నావు.
I want someone who is going to inspire me.,मुझे कोई ऐसा चाहिए जो मुझे प्रेरित करे।,Mujhe koi aisa chahiye jo mujhe prerit kare.,నాకు స్ఫూర్తినిచ్చే వ్యక్తి కావాలి.
The beekeeper was so confident that she didn't bother to wear protective gear.,मधुमक्खी पालक इतनी आत्मविश्वासी थी कि उसने सुरक्षात्मक कपड़े पहनने की जहमत नहीं उठाई।,Madhumakkhi palak itni atmavishvasi thi ki usne surakshatmak kapde pehne ki zehmat nahi uthai.,"తేనెటీగల పెంపకందారు ఎంత ఆత్మవిశ్వాసంతో ఉందంటే, ఆమె రక్షణ దుస్తులు ధరించడానికి కూడా ఇష్టపడలేదు."
"No, I can't clean your house It's too big..","नहीं, मैं तुम्हारा घर साफ नहीं कर सकता। यह बहुत बड़ा है।","Nahi, main tumhara ghar saaf nahi kar sakta. Yeh bahut bada hai.","వద్దు, నేను నీ ఇంటిని శుభ్రం చేయలేను. అది చాలా పెద్దది."
I can't believe you went skydiving last week.,मुझे विश्वास नहीं हो रहा है कि तुम पिछले हफ्ते स्काईडाइविंग करने गए थे।,Mujhe vishwas nahi ho raha hai ki tum pichle hafte skydiving karne gaye the.,నువ్వు గత వారం స్కైడైవింగ్‌కు వెళ్ళావంటే నేను నమ్మలేకపోతున్నాను.
She was very tired as a general rule.,वह आमतौर पर बहुत थकी हुई रहती थी।,Vah aamtaur par bahut thaki hui rehti thi.,సాధారణంగా ఆమె చాలా అలసిపోయి ఉండేది.
"She painted her face purple for Halloween, so she could go as a grape.","उसने हैलोवीन के लिए अपना चेहरा बैंगनी रंग से रंगा, ताकि वह अंगूर बनकर जा सके।","Usne Halloween ke liye apna chehra baingani rang se ranga, taki vah angoor bankar ja sake.","హలోవీన్ కోసం ఆమె తన ముఖానికి ఊదా రంగు వేసుకుంది, తద్వారా ఆమె ద్రాక్ష పండులా వెళ్ళవచ్చు."
I will never forget that day.,मैं वह दिन कभी नहीं भूलूंगा।,Main vah din kabhi nahi bhoolunga.,నేను ఆ రోజును ఎప్పటికీ మర్చిపోలేను.
He is my elder brother.,वह मेरा बड़ा भाई है।,Vah mera bada bhai hai.,అతను నా అన్నయ్య.
"Her mom was a musical theater actress, which got her interested in singing.","उसकी माँ एक म्यूजिकल थिएटर अभिनेत्री थीं, जिससे उसे गाने में दिलचस्पी हुई।","Uski maa ek musical theater abhinetri thi, jisse use gaane mein dilchaspi hui.","ఆమె తల్లి మ్యూజికల్ థియేటర్ నటి, అందుకే ఆమెకు పాడటంపై ఆసక్తి కలిగింది."
Selling hand-made objects is the main source of income for locals.,हाथ से बनी वस्तुओं को बेचना स्थानीय लोगों के लिए आय का मुख्य स्रोत है।,Haath se bani vastuon ko bechna sthaniye logon ke liye aay ka mukhya srot hai.,చేతితో చేసిన వస్తువులను అమ్మడం స్థానికులకు ప్రధాన ఆదాయ వనరు.
You're not looking at the big picture.,आप बड़ी तस्वीर नहीं देख रहे हैं।,Aap badi tasveer nahi dekh rahe hain.,మీరు పెద్ద చిత్రాన్ని చూడటం లేదు.
I do not like zoos.,मुझे चिड़ियाघर पसंद नहीं हैं।,Mujhe chidiyaghar pasand nahi hain.,నాకు జంతుప్రదర్శనశాలలు అంటే ఇష్టం లేదు.
I've been a big fan of yours for a long time.,मैं लंबे समय से आपका बहुत बड़ा प्रशंसक रहा हूँ।,Main lambe samay se aapka bahut bada prashansak raha hoon.,నేను చాలా కాలంగా మీ పెద్ద అభిమానిని.
Everyone who got eliminated in red-light green-light got to go inside and eat cookies.,"रेड-लाइट ग्रीन-लाइट में जो भी बाहर हो गए, उन्हें अंदर जाकर कुकीज़ खाने को मिलीं।","Red-light green-light mein jo bhi bahar ho gaye, unhe andar jakar cookies khane ko mili.",రెడ్-లైట్ గ్రీన్-లైట్ గేమ్‌లో ఎలిమినేట్ అయిన ప్రతి ఒక్కరూ లోపలికి వెళ్లి కుకీలు తినడానికి అనుమతించబడ్డారు.
I could eat avocados for thee rest of my life.,मैं अपनी बाकी पूरी ज़िंदगी एवोकैडो खा सकता हूँ।,Main apni baki poori zindagi avocado kha sakta hoon.,నేను నా జీవితాంతం అవకాడోలు తినగలను.
Juan watched TV.,हुआन ने टीवी देखा।,Juan ne TV dekha.,జువాన్ టీవీ చూశాడు.
It's a significant part of history.,यह इतिहास का एक महत्वपूर्ण हिस्सा है।,Yeh itihas ka ek mahatvapurn hissa hai.,ఇది చరిత్రలో ఒక ముఖ్యమైన భాగం.
My mom is from China.,मेरी माँ चीन से हैं।,Meri maa Cheen se hain.,మా అమ్మ చైనా నుండి వచ్చారు.
His grandmother loved his paintings so much that she tried to sell them to her friends.,उसकी दादी को उसकी पेंटिंग इतनी पसंद आईं कि उन्होंने उन्हें अपने दोस्तों को बेचने की कोशिश की।,Uski dadi ko uski painting itni pasand aayi ki unhone unhe apne doston ko bechne ki koshish ki.,"అతని అమ్మమ్మకు అతని పెయింటింగ్‌లు ఎంతగా నచ్చాయంటే, ఆమె వాటిని తన స్నేహితులకు అమ్మడానికి ప్రయత్నించింది."
My brother just got home.,मेरा भाई अभी घर आया है।,Mera bhai abhi ghar aaya hai.,మా తమ్ముడు ఇప్పుడే ఇంటికి వచ్చాడు.
She became more and more beautiful.,वह और अधिक सुंदर होती गई।,Vah aur adhik sundar hoti gayi.,ఆమె రోజురోజుకూ మరింత అందంగా తయారైంది.
I don't like close spaces.,मुझे बंद जगहें पसंद नहीं हैं।,Mujhe band jagahein pasand nahi hain.,నాకు మూసి ఉన్న ప్రదేశాలు అంటే ఇష్టం ఉండదు.
I'm going to crash at your place.,मैं आज रात तुम्हारे घर रुकने वाला हूँ।,Main aaj raat tumhare ghar rukne vala hoon.,నేను ఈ రాత్రికి నీ ఇంట్లోనే పడుకుంటాను.
These shoes are just way too large.,ये जूते बहुत ही बड़े हैं।,Ye joote bahut hi bade hain.,ఈ బూట్లు చాలా పెద్దవిగా ఉన్నాయి.
We didn't sleep all night because we were talking.,हम पूरी रात नहीं सोए क्योंकि हम बातें कर रहे थे।,Hum poori raat nahi soye kyonki hum baatein kar rahe the.,మేము రాత్రంతా మాట్లాడుకుంటూ నిద్రపోలేదు.
You might want to consider how cute they look in pajamas.,शायद तुम यह सोचना चाहोगे कि वे पजामे में कितने प्यारे लगते हैं।,Shayad tum yah sochana chahoge ki ve pajama mein kitne pyaare lagte hain.,పైజామాలో వారు ఎంత ముద్దుగా కనిపిస్తారో మీరు ఒకసారి ఆలోచించాలి.
I had to put a pin in his femur.,मुझे उसकी जांघ की हड्डी में एक पिन लगानी पड़ी।,Mujhe uski jaangh ki haddi mein ek pin lagani padi.,నేను అతని తొడ ఎముకలో పిన్ వేయాల్సి వచ్చింది.
Being fashionable is easy.,फैशनेबल होना आसान है।,Fashionable hona aasaan hai.,ఫ్యాషనబుల్‌గా ఉండటం చాలా సులభం.
I've got rough hands.,मेरे हाथ खुरदरे हैं।,Mere haath khurdare hain.,నా చేతులు గరుకుగా ఉన్నాయి.
I just passed the funniest bridge.,मैं अभी-अभी सबसे मज़ेदार पुल के पास से गुज़रा हूँ।,Main abhi-abhi sabse mazedaar pul ke paas se guzra hoon.,నేను ఇప్పుడే అత్యంత విచిత్రమైన వంతెనను దాటాను.
I made very short work of the big steak.,मैंने बड़ी स्टेक को बहुत जल्दी खत्म कर दिया।,Maine badi steak ko bahut jaldi khatam kar diya.,నేను ఆ పెద్ద స్టీక్‌ను చాలా త్వరగా తినేశాను.
Knowledge is power.,ज्ञान ही शक्ति है।,Gyaan hi shakti hai.,జ్ఞానమే శక్తి.
She’s as sick as a dog.,वह बहुत ज़्यादा बीमार है।,Vah bahut zyada bimaar hai.,ఆమె చాలా అనారోగ్యంతో ఉంది.
"She wasn't as productive as she was hoping, partially because she didn't have much work to do.","वह उतनी उत्पादक नहीं थी जितनी उसने उम्मीद की थी, आंशिक रूप से इसलिए क्योंकि उसके पास करने के लिए ज़्यादा काम नहीं था।","Vah utni utpadak nahi thi jitni usne ummeed ki thi, aanshik roop se isliye kyonki uske paas karne ke liye zyada kaam nahi tha.","ఆమె అనుకున్నంత ఉత్పాదకతను చూపలేకపోయింది, ఎందుకంటే ఆమెకు చేయడానికి పెద్దగా పని లేదు."
You have to take the good with the bad.,आपको अच्छे के साथ बुरा भी स्वीकार करना पड़ता है।,Aapko achhe ke saath bura bhi sveekar karna padta hai.,"మంచిని ఎలా స్వీకరిస్తామో, చెడును కూడా అలాగే స్వీకరించాలి."
Everybody is expecting a bonus.,हर कोई बोनस की उम्मीद कर रहा है।,Har koi bonus ki ummeed kar raha hai.,ప్రతి ఒక్కరూ బోనస్ ఆశిస్తున్నారు.
Water damage sucks.,पानी से होने वाला नुकसान बहुत बुरा होता है।,Paani se hone vala nuksaan bahut bura hota hai.,నీటి వల్ల కలిగే నష్టం చాలా ఇబ్బందికరమైనది.
The broken leg isn't Tom's biggest problem.,टूटी हुई टांग टॉम की सबसे बड़ी समस्या नहीं है।,Tooti hui taang Tom ki sabse badi samasya nahi hai.,విరిగిన కాలు టామ్ యొక్క అతి పెద్ద సమస్య కాదు.
I owe you a big one for getting me out of the jam.,मुझे इस मुसीबत से बाहर निकालने के लिए मैं तुम्हारा बहुत आभारी हूँ।,Mujhe is museebat se bahar nikalne ke liye main tumhara bahut aabhari hoon.,నన్ను ఆ చిక్కుల నుండి బయటపడేసినందుకు నేను నీకు చాలా రుణపడి ఉంటాను.
what I remember is that she was with us at 8 pm.,मुझे जो याद है वह यह है कि वह रात 8 बजे हमारे साथ थी।,Mujhe jo yaad hai vah yah hai ki vah raat 8 baje hamare saath thi.,నాకు గుర్తున్నంత వరకు ఆమె రాత్రి 8 గంటలకు మాతోనే ఉంది.
I feel like I am going to pass out.,मुझे लग रहा है कि मैं बेहोश हो जाऊँगा।,Mujhe lag raha hai ki main behosh ho jaunga.,"నాకు కళ్లు తిరుగుతున్నట్లు అనిపిస్తోంది, నేను స్పృహ తప్పిపోయేలా ఉన్నాను."
I had dinner with George Washington last night.,मैंने कल रात जॉर्ज वॉशिंगटन के साथ खाना खाया।,Maine kal raat George Washington ke saath khana khaya.,నేను నిన్న రాత్రి జార్జ్ వాషింగ్టన్‌తో కలిసి భోజనం చేశాను.
This ship is too big to pass through the canal.,यह जहाज नहर से गुजरने के लिए बहुत बड़ा है।,Yah jahaz nahar se guzarne ke liye bahut bada hai.,ఈ ఓడ కాలువ గుండా వెళ్లడానికి చాలా పెద్దదిగా ఉంది.
I added his name to the book.,मैंने किताब में उसका नाम जोड़ दिया।,Maine kitaab mein uska naam jod diya.,నేను పుస్తకంలో అతని పేరును చేర్చాను.
He liked chocolate and banana milkshakes because his mom used to make them when he was sick.,उसे चॉकलेट और बनाना मिल्कशेक पसंद थे क्योंकि जब वह बीमार होता था तो उसकी माँ उन्हें बनाती थी।,Use chocolate aur banana milkshake pasand the kyonki jab vah bimar hota tha to uski maa unhein banati thi.,"అతనికి చాక్లెట్ మరియు బనానా మిల్క్‌షేక్‌లు అంటే ఇష్టం, ఎందుకంటే అతను అనారోగ్యంతో ఉన్నప్పుడు అతని తల్లి వాటిని చేసి పెట్టేది."
This lasagna is delicious.,यह लज़ान्या बहुत स्वादिष्ट है।,Yah lasagna bahut swadisht hai.,ఈ లసాన్యా చాలా రుచిగా ఉంది.
Naps make me feel lazy.,दिन में सोने से मुझे आलस आता है।,Din mein sone se mujhe aalas aata hai.,పగటిపూట నిద్రపోవడం వల్ల నాకు బద్ధకంగా అనిపిస్తుంది.
We have a big stove which keeps us very toasty.,हमारे पास एक बड़ा स्टोव है जो हमें बहुत गर्म रखता है।,Hamare paas ek bada stove hai jo hamein bahut garam rakhta hai.,"మా దగ్గర ఒక పెద్ద స్టవ్ ఉంది, అది మాకు చాలా వెచ్చదనాన్ని ఇస్తుంది."
She created an app to match zombies with willing victims.,उसने ज़ॉम्बीज़ को इच्छुक शिकारों से मिलाने के लिए एक ऐप बनाया।,Usne zombies ko ichchhuk shikaron se milane ke liye ek app banaya.,"ఆమె జోంబీలను, వాటికి ఆహారంగా మారడానికి సిద్ధంగా ఉన్న బాధితులతో జత చేయడానికి ఒక యాప్‌ను రూపొందించింది."
He has a weird mouth.,उसका मुँह अजीब है।,Uska munh ajeeb hai.,అతని నోరు వింతగా ఉంది.
Ask no questions and hear no lies.,सवाल मत पूछो और झूठ मत सुनो।,Sawaal mat poochho aur jhooth mat suno.,"ప్రశ్నలు అడగకు, అబద్ధాలు వినకు."
It’s bound to happen eventually.,यह तो कभी न कभी होना ही था।,Yeh toh kabhi na kabhi hona hi tha.,ఇది ఏదో ఒక రోజు జరగాల్సిందే.
I go back to bedroom.,मैं बेडरूम वापस जाता हूँ।,Main bedroom wapas jaata hoon.,నేను బెడ్‌రూమ్‌కి తిరిగి వెళ్తున్నాను.
I made some steak.,मैंने थोड़ा स्टेक बनाया है।,Maine thoda steak banaya hai.,నేను కొంచెం స్టీక్ తయారు చేశాను.
Her mom asked her to come home for Christmas.,उसकी माँ ने उसे क्रिसमस पर घर आने के लिए कहा।,Uski maa ne use Christmas par ghar aane ke liye kaha.,క్రిస్మస్ కోసం ఇంటికి రమ్మని ఆమె తల్లి ఆమెను అడిగింది.
She likes to swing at the playground.,उसे खेल के मैदान में झूला झूलना पसंद है।,Use khel ke maidan mein jhoola jhoolna pasand hai.,ఆమెకు ప్లేగ్రౌండ్‌లో ఊయల ఊగడం అంటే ఇష్టం.
Thank you very much for your hospitality.,आपकी मेहमाननवाज़ी के लिए बहुत-बहुत धन्यवाद।,Aapki mehmaannawazi ke liye bahut-bahut dhanyavaad.,మీ ఆతిథ్యానికి చాలా ధన్యవాదాలు.
There used to be a big cherry tree in the garden.,बगीचे में एक बड़ा चेरी का पेड़ हुआ करता था।,Bagiche mein ek bada cherry ka ped hua karta tha.,తోటలో ఒక పెద్ద చెర్రీ చెట్టు ఉండేది.
She constantly worried about accidentally burning her house down.,वह हमेशा इस बात से चिंतित रहती थी कि कहीं गलती से उसका घर न जल जाए।,Vah hamesha is baat se chintit rehti thi ki kahin galti se uska ghar na jal jaye.,పొరపాటున తన ఇల్లు కాలిపోతుందేమోనని ఆమె నిరంతరం ఆందోళన చెందేది.
Daya chose a song from the list to sing.,दया ने गाने के लिए सूची से एक गाना चुना।,Daya ne gaane ke liye soochi se ek gaana chuna.,దయా పాడటానికి జాబితా నుండి ఒక పాటను ఎంచుకుంది.
I think I could fall asleep really quickly.,मुझे लगता है कि मुझे बहुत जल्दी नींद आ सकती है।,Mujhe lagta hai ki mujhe bahut jaldi neend aa sakti hai.,నాకు చాలా త్వరగా నిద్ర వస్తుందని నేను అనుకుంటున్నాను.
You may take either the big box or the small one.,आप या तो बड़ा बक्सा ले सकते हैं या छोटा वाला।,Aap ya toh bada baksa le sakte hain ya chhota wala.,మీరు పెద్ద పెట్టె లేదా చిన్న పెట్టె రెండింటిలో ఏదైనా తీసుకోవచ్చు.
She was dressed like a rabbit.,उसने खरगोश जैसे कपड़े पहने थे।,Usne khargosh jaise kapde pehne the.,ఆమె కుందేలులా దుస్తులు ధరించింది.
Mary enjoys cooking.,मैरी को खाना बनाना पसंद है।,Mary ko khana banana pasand hai.,మేరీకి వంట చేయడం అంటే ఇష్టం.
It was a maze of rubber wiring.,यह रबर के तारों का एक जाल था।,Yeh rubber ke taaron ka ek jaal tha.,అది రబ్బరు వైర్ల చిక్కుముడి.
I can’t get this lift to work.,मैं इस लिफ्ट को चालू नहीं कर पा रहा हूँ।,Main is lift ko chaalu nahi kar pa raha hoon.,నేను ఈ లిఫ్ట్‌ను పని చేయించలేకపోతున్నాను.
He has a nice restaurant near the lake.,झील के पास उसका एक अच्छा रेस्तरां है।,Jheel ke paas uska ek achha restaurant hai.,సరస్సు దగ్గర అతనికి ఒక మంచి రెస్టారెంట్ ఉంది.
Here is David with his guitar.,यह रहा डेविड अपने गिटार के साथ।,Yeh raha David apne guitar ke saath.,ఇదిగో డేవిడ్ తన గిటార్‌తో.
He went fast down the slide.,वह स्लाइड से तेजी से नीचे गया।,Vah slide se tezi se neeche gaya.,అతను స్లైడ్ నుండి వేగంగా కిందకు వెళ్ళాడు.
"She hated chocolate chip cookies, but she loved gingersnaps.","उसे चॉकलेट चिप कुकीज़ बिल्कुल पसंद नहीं थीं, लेकिन उसे जिंजरस्नैप्स बहुत पसंद थे।","Use chocolate chip cookies bilkul pasand nahi thin, lekin use gingersnaps bahut pasand the.","ఆమెకు చాక్లెట్ చిప్ కుకీలు అస్సలు నచ్చవు, కానీ జింజర్ స్నాప్స్ అంటే చాలా ఇష్టం."
"She bought a massive pack of toilet paper from Costco, which lasted her three months.","उसने कॉस्टको से टॉयलेट पेपर का एक बड़ा पैक खरीदा, जो उसके तीन महीने तक चला।","Usne Costco se toilet paper ka ek bada pack khareeda, jo uske teen mahine tak chala.","ఆమె కాస్ట్కో నుండి టాయిలెట్ పేపర్ యొక్క పెద్ద ప్యాక్‌ను కొనుగోలు చేసింది, అది ఆమెకు మూడు నెలల పాటు వచ్చింది."
She went over to see if her name was there.,वह यह देखने गई कि क्या उसका नाम वहाँ था।,Vah yah dekhne gayi ki kya uska naam vahan tha.,అక్కడ తన పేరు ఉందో లేదో చూడటానికి ఆమె అక్కడికి వెళ్ళింది.
As luck would have it I found a pen at the bottom of my bag.,किस्मत से मुझे अपने बैग के नीचे एक पेन मिल गया।,Kismat se mujhe apne bag ke neeche ek pen mil gaya.,అదృష్టవశాత్తూ నా బ్యాగ్ అడుగున నాకు ఒక పెన్ దొరికింది.
I imagine you think of this activity as something characters from a Jane Austin novel did.,मुझे लगता है कि आप इस गतिविधि को कुछ ऐसा मानते हैं जो जेन ऑस्टेन के उपन्यास के पात्र करते थे।,Mujhe lagta hai ki aap is gatividhi ko kuch aisa maante hain jo Jane Austen ke upanyas ke paatr karte the.,జేన్ ఆస్టెన్ నవలలోని పాత్రలు చేసే పనిలాగే మీరు కూడా ఈ పనిని భావిస్తున్నారని నేను అనుకుంటున్నాను.
She desperately wanted to meet an alien before she died.,वह मरने से पहले किसी एलियन से मिलना चाहती थी।,Vah marne se pehle kisi alien se milna chahti thi.,ఆమె చనిపోయేలోపు ఒక గ్రహాంతరవాసిని కలవాలని చాలా ఆశపడింది.
I am extra ticklish for some reason.,"पता नहीं क्यों, मुझे बहुत ज्यादा गुदगुदी होती है।","Pata nahi kyon, mujhe bahut zyada gudgudi hoti hai.",ఏమో ఎందుకో నాకు చాలా ఎక్కువ గిలిగింతలు అవుతాయి.
She likes parties.,उसे पार्टियां पसंद हैं।,Use partiyan pasand hain.,ఆమెకు పార్టీలంటే ఇష్టం.
I seriously doubt she actually believes you.,मुझे सचमुच संदेह है कि वह वास्तव में आप पर विश्वास करती है।,Mujhe sachmuch sandeh hai ki vah vastav mein aap par vishwas karti hai.,ఆమె నిజంగా నిన్ను నమ్ముతుందని నేను అనుకోవడం లేదు.
I am the biggest Ariana Grande fan on the planet.,मैं इस ग्रह पर एरियाना ग्रांडे का सबसे बड़ा प्रशंसक हूँ।,Main is grah par Ariana Grande ka sabse bada prashansak hoon.,నేను ఈ భూమి మీద అరియానా గ్రాండేకి అతిపెద్ద అభిమానిని.
I know that there was a big church here.,मुझे पता है कि यहाँ एक बड़ा चर्च था।,Mujhe pata hai ki yahan ek bada church tha.,ఇక్కడ ఒక పెద్ద చర్చి ఉండేదని నాకు తెలుసు.
The enemy destroyed the city.,दुश्मन ने शहर को नष्ट कर दिया।,Dushman ne shahar ko nasht kar diya.,శత్రువు నగరాన్ని నాశనం చేశాడు.
We see them every week.,हम उन्हें हर हफ्ते देखते हैं।,Hum unhein har hafte dekhte hain.,మేము ప్రతి వారం వారిని చూస్తాము.
There are many theories regarding the origins of language.,भाषा की उत्पत्ति के संबंध में कई सिद्धांत हैं।,Bhasha ki utpatti ke sambandh mein kai siddhant hain.,భాష యొక్క మూలాల గురించి అనేక సిద్ధాంతాలు ఉన్నాయి.
I just walked on thee coolest pillow.,मैं अभी-अभी सबसे शानदार तकिए पर चला।,Main abhi-abhi sabse shandaar takiye par chala.,నేను ఇప్పుడే చాలా బాగున్న దిండు మీద నడిచాను.
Dad is going to work.,पापा काम पर जा रहे हैं।,Papa kaam par ja rahe hain.,నాన్న పనికి వెళ్తున్నారు.
I have a bunch of things I need to do.,मेरे पास बहुत सारे काम हैं जो मुझे करने हैं।,Mere paas bahut saare kaam hain jo mujhe karne hain.,నేను చేయాల్సిన పనులు చాలా ఉన్నాయి.
She is a composer for the harp.,वह हार्प के लिए संगीतकार है।,Vah harp ke liye sangeetkar hai.,ఆమె హార్ప్ వాయిద్యం కోసం సంగీతాన్ని స్వరపరుస్తుంది.
The cat coughed up a hairball that was almost the same size as she was.,बिल्ली ने बालों का एक गोला बाहर निकाला जो लगभग उसके आकार का ही था।,Billi ne baalon ka ek gola bahar nikala jo lagbhag uske aakar ka hi tha.,పిల్లి తన పరిమాణంలోనే ఉన్న ఒక వెంట్రుకల ఉండను బయటకు కక్కింది.
"My lunch included a peanut butter sandwich, crackers, juice, and a cheese stick.","मेरे दोपहर के भोजन में पीनट बटर सैंडविच, क्रैकर्स, जूस और एक चीज़ स्टिक शामिल थे।","Mere dopahar ke bhojan mein peanut butter sandwich, crackers, juice, aur ek cheese stick shamil the.","నా మధ్యాహ్న భోజనంలో పీనట్ బటర్ శాండ్‌విచ్, క్రాకర్స్, జ్యూస్ మరియు ఒక చీజ్ స్టిక్ ఉన్నాయి."
The cruise cut through the Bermuda Triangle.,क्रूज़ बरमूडा ट्राइएंगल से होकर गुज़रा।,Cruise Bermuda Triangle se hokar guzra.,ఆ క్రూయిజ్ బెర్ముడా ట్రయాంగిల్ గుండా వెళ్ళింది.
He was very scared when he saw this big snake.,वह इस बड़े साँप को देखकर बहुत डर गया था।,Vah is bade saanp ko dekhkar bahut dar gaya tha.,ఈ పెద్ద పామును చూసి అతను చాలా భయపడ్డాడు.
I put my headphones on and listened to some smooth jazz.,मैंने अपने हेडफ़ोन लगाए और कुछ स्मूथ जैज़ संगीत सुना।,Maine apne headphones lagaye aur kuch smooth jazz sangeet suna.,నేను నా హెడ్‌ఫోన్‌లు పెట్టుకుని స్మూత్ జాజ్ సంగీతం విన్నాను.
You need to be able to justify why you're wearing yellow socks in a formal environment.,आपको यह बताने में सक्षम होना चाहिए कि आप औपचारिक माहौल में पीले मोज़े क्यों पहन रहे हैं।,Aapko yeh batane mein saksham hona chahiye ki aap aupcharik mahaul mein peele moze kyon pehan rahe hain.,అధికారిక వాతావరణంలో మీరు పసుపు రంగు సాక్సులు ఎందుకు ధరించారో మీరు సమర్థించుకోగలగాలి.
The Pearl Tower in Shanghai is one of the most memorable sites in China.,शंघाई में पर्ल टॉवर चीन के सबसे यादगार स्थलों में से एक है।,Shanghai mein Pearl Tower China ke sabse yaadgar sthalon mein se ek hai.,షాంఘైలోని పెర్ల్ టవర్ చైనాలోని అత్యంత గుర్తుండిపోయే ప్రదేశాలలో ఒకటి.
I couldn’t tear myself away from you even if I tried.,मैं चाहकर भी खुद को तुमसे दूर नहीं कर सकता।,Main chaahkar bhi khud ko tumse door nahi kar sakta.,నేను ప్రయత్నించినా నిన్ను వదిలి ఉండలేను.
Tom has some pretty big shoes to fill.,टॉम को बहुत बड़ी ज़िम्मेदारियाँ निभानी हैं।,Tom ko bahut badi zimmedariyan nibhani hain.,టామ్ చాలా పెద్ద బాధ్యతలను భుజాన వేసుకోవాల్సి ఉంది.
He wears suspenders instead of a belt.,वह बेल्ट की जगह सस्पेंडर्स पहनता है।,Vah belt ki jagah suspenders pehanta hai.,అతను బెల్టుకు బదులుగా సస్పెండర్లను ధరిస్తాడు.
We are buzzing on this espresso.,हम इस एस्प्रेसो को पीकर बहुत उत्साहित महसूस कर रहे हैं।,Hum is espresso ko peekar bahut utsaahit mehsoos kar rahe hain.,ఈ ఎస్ప్రెస్సో తాగిన తర్వాత మేము చాలా ఉత్సాహంగా ఉన్నాము.
"She waited until the elevator was full to clear her throat and say, “You guys might be wondering why I called this meeting.","उसने लिफ्ट के भरने का इंतज़ार किया और फिर गला साफ़ करके कहा, ""आप लोग सोच रहे होंगे कि मैंने यह मीटिंग क्यों बुलाई है।""","Usne lift ke bharne ka intezaar kiya aur phir gala saaf karke kaha, ""Aap log soch rahe honge ki maine yeh meeting kyon bulayi hai.""","లిఫ్ట్ నిండే వరకు ఆమె వేచి చూసి, గొంతు సవరించుకుని ఇలా అంది, ""నేను ఈ సమావేశాన్ని ఎందుకు పిలిచానో మీరు ఆలోచిస్తూ ఉండవచ్చు."""
He goes to football every day.,वह हर दिन फुटबॉल खेलने जाता है।,Vah har din football khelne jaata hai.,అతను ప్రతిరోజూ ఫుట్‌బాల్ ఆడటానికి వెళ్తాడు.
They go to a gallery every Saturday.,वे हर शनिवार गैलरी जाते हैं।,Ve har shanivar gallery jaate hain.,వారు ప్రతి శనివారం గ్యాలరీకి వెళ్తారు.
I want to have my name taken off the list.,मैं अपना नाम सूची से हटवाना चाहता हूँ।,Main apna naam soochi se hatwana chahta hoon.,నేను నా పేరును జాబితా నుండి తొలగించాలనుకుంటున్నాను.
The advanced technology is what sold me.,इसकी उन्नत तकनीक ने ही मुझे प्रभावित किया।,Iski unnat takneek ne hi mujhe prabhavit kiya.,దీనిలోని అధునాతన సాంకేతికతే నన్ను ఆకట్టుకుంది.
I just think he didn't execute it the way he needed to today.,मुझे बस लगता है कि उसने आज इसे उस तरह से नहीं किया जैसे उसे करना चाहिए था।,Mujhe bas lagta hai ki usne aaj ise us tarah se nahi kiya jaise use karna chahiye tha.,అతను ఈరోజు చేయాల్సిన విధంగా దీన్ని చేయలేదని నేను అనుకుంటున్నాను.
Her face turned red because she was embarrassed.,शर्मिंदगी के कारण उसका चेहरा लाल हो गया।,Sharmindagi ke kaaran uska chehra laal ho gaya.,సిగ్గుపడటం వల్ల ఆమె ముఖం ఎర్రబడింది.
I have one big brother and two little sisters.,मेरा एक बड़ा भाई और दो छोटी बहनें हैं।,Mera ek bada bhai aur do chhoti behnein hain.,నాకు ఒక అన్నయ్య మరియు ఇద్దరు చెల్లెళ్లు ఉన్నారు.
The hockey rink was on the other side of the campus.,हॉकी रिंक कैंपस के दूसरी तरफ था।,Hockey rink campus ke doosri taraf tha.,హాకీ రింక్ క్యాంపస్‌కు అవతలి వైపు ఉంది.
Sam felt sick after eating five huge candy bars.,पाँच बड़ी कैंडी बार खाने के बाद सैम की तबीयत खराब हो गई।,Paanch badi candy bar khaane ke baad Sam ki tabiyat kharab ho gayi.,ఐదు పెద్ద క్యాండీ బార్‌లు తిన్న తర్వాత సామ్ అనారోగ్యానికి గురయ్యాడు.
It's the size of a golf ball.,यह गोल्फ की गेंद के आकार का है।,Yeh golf ki gend ke aakar ka hai.,ఇది గోల్ఫ్ బంతి పరిమాణంలో ఉంది.
Nothing beats a big glass of beer in summer.,गर्मियों में बीयर का एक बड़ा गिलास सबसे अच्छा होता है।,Garmiyon mein beer ka ek bada glass sabse achha hota hai.,వేసవిలో ఒక పెద్ద గ్లాసు బీర్ కంటే ఏదీ మెరుగైనది కాదు.
My cat runs very fast.,मेरी बिल्ली बहुत तेज़ दौड़ती है।,Meri billi bahut tez daudti hai.,నా పిల్లి చాలా వేగంగా పరిగెడుతుంది.
Tom lives in a white house.,टॉम एक सफेद घर में रहता है।,Tom ek safed ghar mein rehta hai.,టామ్ ఒక తెల్లని ఇంట్లో నివసిస్తున్నాడు.
He had a sore throat so I gave him my bottle of water and told him to keep it.,उसके गले में खराश थी इसलिए मैंने उसे अपनी पानी की बोतल दे दी और उसे रखने के लिए कहा।,Uske gale mein kharash thi isliye maine use apni paani ki botal de di aur use rakhne ke liye kaha.,"అతని గొంతు నొప్పిగా ఉంది, అందుకే నేను నా నీళ్ల బాటిల్ అతనికి ఇచ్చి, దానిని ఉంచుకోమని చెప్పాను."
He was wearing a vest.,उसने बनियान पहनी हुई थी।,Usne baniyan pehni hui thi.,అతను బనియన్ వేసుకున్నాడు.
"Her hat was green, her mittens were yellow, and her coat was orange.","उसकी टोपी हरी थी, उसके दस्ताने पीले थे, और उसका कोट नारंगी था।","Uski topi hari thi, uske dastane peele the, aur uska coat narangi tha.","ఆమె టోపీ ఆకుపచ్చగా, చేతి తొడుగులు పసుపు రంగులో, మరియు ఆమె కోటు నారింజ రంగులో ఉన్నాయి."
Lions and tigers are called big cats.,शेर और बाघ को बड़ी बिल्लियाँ कहा जाता है।,Sher aur baagh ko badi billiyan kaha jata hai.,సింహాలు మరియు పులులను పెద్ద పిల్లులు అని పిలుస్తారు.
Nikita is a perfectly respectable businessman.,निकिता एक पूरी तरह से सम्मानित व्यवसायी है।,Nikita ek poori tarah se sammanit vyavsayi hai.,నికితా పూర్తిగా గౌరవప్రదమైన వ్యాపారవేత్త.
What you're suggesting is just not practical.,आप जो सुझाव दे रहे हैं वह व्यावहारिक नहीं है।,Aap jo sujhav de rahe hain vah vyavaharik nahi hai.,మీరు సూచిస్తున్నది ఆచరణాత్మకం కాదు.
she’s lying or at least not telling the entire truth.,वह झूठ बोल रही है या कम से कम पूरा सच नहीं बता रही है।,Vah jhooth bol rahi hai ya kam se kam poora sach nahi bata rahi hai.,ఆమె అబద్ధం చెబుతోంది లేదా కనీసం పూర్తి నిజం చెప్పడం లేదు.
